Voll,Demand_Segment,Cost_of_Demand_Curtailment_per_MW,Max_Demand_Curtailment,$/MWh,Rep_Periods,Timesteps_per_Rep_Period,Sub_Weights,Time_Index,Demand_MW_z1,Demand_MW_z2,Demand_MW_z3,Demand_MW_z4,Demand_MW_z5,Demand_MW_z6,Demand_MW_z7,Demand_MW_z8,Demand_MW_z9,Demand_MW_z10,Demand_MW_z11,Demand_MW_z12,Demand_MW_z13,Demand_MW_z14,Demand_MW_z15,Demand_MW_z16,Demand_MW_z17,Demand_MW_z18,Demand_MW_z19,Demand_MW_z20,Demand_MW_z21,Demand_MW_z22,Demand_MW_z23,Demand_MW_z24,Demand_MW_z25,Demand_MW_z26,Demand_MW_z27,thi
2000.0,1.0,1.0,1.0,2000.0,1.0,168.0,168.0,1,560.1690727,4816.740347953547,6008.832839678445,2442.565404724497,262.5297415441169,301.7066685670868,3103.218093084793,5072.745847418498,16567.805489669347,3876.422540180143,6213.257885439449,1019.9240557383451,2446.746674604504,3095.2887467152877,690.9930469558126,1130.0397799017862,1467.7867856977773,171.97999959877814,101.90997704230156,5197.843043634795,29208.93258940257,1058.142961283127,8046.280092,256.2083608550573,50.82543962014385,863.7647489928834,682.7954011963501,74.78279944475001
,2.0,1.0,0.0,1800.0,,,,2,551.3758039553509,4746.182730401469,5670.1848942963625,2408.885984770552,258.9486403401487,296.3251673322687,3052.626195148039,5009.534970116583,16271.097013480903,3808.0679194911495,5992.435459280445,983.6680157270948,2439.465796860948,3086.2876547861824,688.9368272748088,1126.6716468882266,1466.007479678374,171.7724569111429,101.78789647703988,5191.463713155461,28130.677789616955,1045.455915737049,8106.561395211166,258.1350424782526,51.22716580975359,866.0858392500314,684.6328989730481,73.606461334825
,3.0,1.0,0.0,1100.0,,,,3,536.5105847159041,4576.930135214221,5345.657704288366,2337.0698953211686,251.25946161407057,288.0528349664163,2971.6763343166576,4842.375928654322,15690.922698828934,3694.071552780408,5718.730983732975,938.747630535618,2392.4841057589315,3027.0197840866217,675.6818664028992,1104.9726763710817,1440.4400353304527,168.78994363895012,100.02069778171484,5100.850958338766,26794.67717631111,1020.8016908459356,8006.588074,254.9437118,50.60151784058183,853.3553428,674.5778911390872,73.5020559379842
,4.0,0.0,0.0,400.0,,,,4,512.8034857915653,4313.4432163672345,4964.029238379602,2216.2856078018176,238.3090917113821,275.76723520281604,2848.718379775822,4562.331921123966,14760.642377925498,3522.094799787706,5348.758092773141,878.0153547955182,2298.012733092769,2907.642534637664,648.9980474127148,1061.336896621492,1388.7445789150538,162.7301810875577,96.42940175195696,4917.749626791505,25043.92386,980.113175821348,7705.801939,245.3699230821079,48.69890319147467,823.0410120996024,650.6230046168153,73.41182168306
,,,,,,,,5,581.4533267249403,4763.058350558856,5410.494011818757,2468.0735220215274,265.4306167783173,314.9808317302101,3258.182172215145,5025.312867361206,16253.959587457311,3984.7302712793726,5868.547412591976,963.3395194304744,2607.590980409447,3299.589299162731,736.4253687,1204.3209609831993,1588.9546593006446,186.17929167946133,110.32569758368766,5626.689881800294,27379.57577173037,1118.388513796665,8696.017106576608,276.90023885801253,54.94102555303117,939.2297268920308,742.4846340355039,72.84091566391508
,,,,,,,,6,585.6876923252039,4627.069528479395,5209.390011577026,2423.244436951654,260.6722546204639,319.4480084526293,3308.4198928154124,4850.107076706291,15701.11547834644,3998.4670964471416,5690.7197146108265,934.153517336814,2612.9407430817696,3306.6559090974965,737.9273126407347,1206.7993145384153,1610.314994418792,188.67035724010924,111.79516197225796,5702.285192780784,26309.44234443364,1132.6192538155308,8596.505226991634,273.73255956278626,54.31508056716272,947.823574979946,749.2821782188623,71.99470889912
,,,,,,,,7,586.7428729659573,4524.828112,5164.360384142737,2372.020721,255.17345054001652,318.2134818130126,3297.611004980177,4696.529883090789,15200.174274832743,4009.651481791819,5659.037265974564,928.9499834,2577.490771748968,3261.867567279322,727.9036748057197,1190.428292076027,1602.6930782453005,187.7662691601066,111.25204761906184,5675.359180096673,25607.19499879012,1127.763663059104,8347.585260490234,265.79166502422004,52.719490054347965,936.2909279,740.1706397727875,71.31422627877001
,,,,,,,,8,592.0943845830662,4534.109973446663,5501.259243975692,2364.476536431404,254.32168437443727,318.8849877484555,3304.5254693051897,4731.254619319381,15160.034090548748,4060.766076266869,5899.430098,968.4100658606664,2560.2966623143457,3239.776808551562,723.0445553552038,1182.5045273445596,1592.4389045487962,186.5609365559619,110.53745916750668,5639.135974032541,25989.500903332937,1127.7478499461618,8177.377154222631,260.3757969808142,51.63030989,922.2625667,729.0794136814134,71.02295065949501
,,,,,,,,9,590.2055395456123,4536.951390218721,5756.079247,2342.4643959663763,251.9100795135396,317.0506847196183,3281.655225580889,4753.727911270644,15178.801532976106,4049.0879027375,6033.815536381374,990.4689271,2511.687025097194,3178.0508750731783,709.3128791534773,1160.051802,1561.4905293801162,182.9242999524466,108.38446694224088,5529.632929732207,26171.56047276129,1115.460631869049,7956.131747234377,253.3233210735416,50.24620668507322,899.9368633,711.4246291520923,70.880482228874
,,,,,,,,10,589.8466647,4549.526002641366,5909.885923034839,2331.690319303099,250.73457522955923,316.6332777185682,3270.679167534842,4754.760476418317,15213.367864576843,4039.240361162189,6112.270612814481,1003.350515130692,2480.3193128412217,3138.322649616386,700.4578351297869,1145.5692156938446,1539.294274108045,180.32056568864223,106.8347709,5451.060002030932,26285.188412152733,1110.5785280209282,7814.4170731342465,248.8092400994005,49.34805179682703,887.6299189,701.7014426076754,70.91708319306188
,,,,,,,,11,597.9022807133509,4681.399838697372,6071.365296420465,2376.7432452398607,255.55343690088608,320.1094397711083,3305.8435366774565,4830.458525,15610.17118132481,4072.877677721623,6243.915887146557,1024.9590593690443,2493.0054723410167,3154.498526897804,704.0292342839285,1151.4240386478102,1548.1225343627948,181.351139694546,107.44491549197176,5482.346628066537,27009.94399956702,1122.3673402190368,7857.342161175733,250.17142189438428,49.61351532172259,895.0743547699793,707.5852305610764,70.91623718689
,,,,,,,,12,616.6639633789815,4867.37870030142,6314.791063717041,2464.3085659663607,264.9514361999096,329.0035995686558,3400.186688311921,4984.798802904505,16229.949379739845,4179.924047591074,6466.272404269602,1061.461493564757,2559.304882635337,3238.436015759916,722.7541359619352,1182.0412887961756,1588.583471902764,186.0910388684207,110.25779408112216,5625.627497,28198.08502926621,1154.391290756501,8078.001013242971,257.20305645766376,51.01407762577831,919.8491753336178,727.1693129,71.46301420750899
,,,,,,,,13,624.2638669686875,4929.174407341126,6395.280146263058,2504.3654735582104,269.23956457343934,331.9568400943426,3432.762552,5032.189595721811,16447.74676734761,4212.357885563286,6529.384034,1071.8218015083637,2581.091863724608,3266.055875659385,728.9050066401383,1192.1111806463657,1601.3666469963146,187.5867894401201,111.14191333953627,5670.896111420141,28806.66098484806,1166.7299427014132,8167.343435294277,260.0498627795523,51.57992421165137,928.8228436932768,734.2593310119174,72.10785374124
,,,,,,,,14,628.0019281016998,4937.318046845728,6422.433699896182,2522.3895189898444,271.1684483143892,333.4187478833611,3447.240267919004,5046.5575232593055,16481.16549143561,4228.303064,6557.345268593349,1076.4108120938668,2582.4602233914347,3267.7932985939847,729.2910444178137,1192.7408583217457,1601.3418360145604,187.59104175250397,111.14861657620942,5670.822409254728,29191.357204692133,1172.8073606843911,8205.206244302732,261.2496916,51.81572624593231,929.4530368017874,734.7660936791661,72.13656398482
,,,,,,,,15,665.9267553262819,5215.575301091592,6802.220129,2670.8504382197643,287.1125325795245,353.35215774328753,3651.724076777425,5325.843945547235,17414.70366123998,4479.8116465986905,6931.5007961344845,1137.8323948930793,2718.3674509562093,3439.802629895157,767.6806090164844,1255.5167642195354,1689.3171271137142,197.89388107701657,117.24971734570028,5982.408536,31174.592662064828,1242.6656997352263,8689.210324538373,276.6588388550998,54.87115914308715,979.0443479812512,773.9626933729901,74.23497113780276
,,,,,,,,16,727.3652809757657,5657.924865411439,7366.530386435639,2905.827614180202,312.3703925101955,386.1428938574761,3989.4552997200526,5755.554188101954,18892.627273085654,4891.020963548782,7520.840377097429,1234.5668652142567,2950.185998783523,3733.252093499495,833.1427940269683,1362.5773921672894,1842.090783256056,215.7866604357636,127.85066835945804,6523.410332,34098.010429427304,1356.1385163486352,9472.124714200436,301.59587776409245,59.811542706018464,1065.1922915336804,842.0743014827989,76.785278537025
,,,,,,,,17,773.1432865337678,5893.1136995005445,7764.781127827244,3046.9056960439048,327.55274725818407,410.6884804029853,4239.322830983301,6014.254336240356,19700.52582717841,5207.928810941998,7932.131834,1302.0855955747743,3101.1210069785543,3924.380885,875.7674661701265,1432.2903725333367,1951.9209319316733,228.64886150418133,135.46808440364856,6912.391652848924,35900.38090420028,1436.8616067209418,9986.037852018188,317.95356788808743,63.05217434531767,1122.6194521459354,887.4798443334807,78.20604185056
,,,,,,,,18,796.8015894,5971.908356692365,8053.572821928967,3094.2475288227206,332.64548119168126,422.9052551497661,4360.979769196278,6095.915751021059,19944.42116397585,5383.620061178485,8138.295402,1335.9264182291774,3166.0618623716177,4006.565288730788,894.1080371528222,1462.2876050800712,2003.0469467577495,234.63654760423543,139.01472609884618,7093.471917898237,36565.07919,1478.353930583886,10190.335951026533,324.4535999649266,64.33648536,1145.9706662408375,905.9342022,78.9704811827375
,,,,,,,,19,816.7688775741556,6110.322056572883,8458.408478969948,3166.730464375636,340.4400681804199,434.7720949340186,4477.173164395999,6289.802160313606,20361.474552428284,5545.64376709816,8463.001287,1389.2278542589036,3252.8331172200965,4116.054011657933,918.6040452555308,1502.365958069849,2047.907299853536,239.8865828548934,142.1281471381082,7252.413613901191,37682.64504927205,1517.6338926927024,10398.498250040211,331.0844517675348,65.64572123466321,1170.3097518067705,925.1692053548968,79.57777751723393
,,,,,,,,20,781.3963147764512,5895.190350736008,8193.522597737989,3050.2827481711024,327.8928841700837,417.02150088514617,4287.903640113054,6126.996573,19737.491159823174,5340.155485,8203.495277147409,1346.63375839149,3134.5641922160457,3966.0548443095327,885.1994684691647,1447.7346933607848,1959.62629657828,229.55352403045677,136.0001628,6939.815706,36575.23429059263,1454.052842283715,9936.818449,316.38000512276415,62.73102317180724,1120.0749252666196,885.4363319003908,78.768622504695
,,,,,,,,21,743.8933059029364,5811.382919,7967.817819264013,2973.1795610036925,319.58521973127154,398.2831138007835,4092.7499234093816,6023.556753230047,19475.072622144045,5111.616401152511,8002.006896964693,1313.5586239133922,3040.5538849798936,3846.773662490889,858.6515658241494,1404.319504296782,1876.31926491024,219.7910073616996,130.21935912344222,6644.793846,35769.02375413672,1387.7150399612503,9560.192260520538,304.3963554421681,60.35847029381266,1079.0580601399909,853.0009840131377,78.87351761335
,,,,,,,,22,705.5956405306486,5781.092710683065,7824.145581703463,2918.9738550555244,313.7084928932348,377.9012501,3884.486956246513,5973.269070806115,19432.661633923697,4862.393453,7829.958680413781,1285.3151809726935,2939.262487724391,3718.320572428517,830.0622757,1357.5400445738985,1789.8536606595333,209.67156791091944,124.22640286403748,6338.527065,35477.71042983516,1318.1446196302154,9273.394955375825,295.2650231518013,58.55324881,1036.380969712476,819.2694609194549,79.16217306028344
,,,,,,,,23,627.9449070319247,5307.995280560685,7088.631988302572,2670.707676160997,287.0057055796411,336.8772213721101,3463.066162434398,5487.407161340258,17990.475342837817,4332.956912067959,7086.441171555561,1163.261982491971,2657.227462546253,3361.386916550666,750.4190816,1227.266049,1603.626366533646,187.86931983208237,111.31126577857148,5679.014983213793,32778.38508415101,1174.3675100892497,8489.699999816652,270.3182366557287,53.62468226258362,933.7071362535992,738.074797,78.84950413775
,,,,,,,,24,572.1777442690301,4912.988347,6376.436985,2479.151589056614,266.42301744118225,307.9539068742823,3165.609470744013,5120.277718741804,16826.474904853123,3960.071993134977,6462.758507723652,1060.8847792864767,2463.422332983936,3116.2108845541266,695.6929976731808,1137.7506305636728,1478.534903765147,173.22484785379214,102.64287367681594,5235.958008661101,30244.008389365616,1075.4677386892542,7989.34176,254.39227616350195,50.45806917823551,865.7262867674976,684.3490224849766,78.39357127523749
,,,,,,,,25,486.3502849674944,4181.992821274136,5216.991987215559,2120.685411741217,227.9337093548974,261.9479214016916,2694.277633969273,4404.262049762648,14384.508737636366,3365.589602965858,5394.478007242436,885.5189965,2124.315676060826,2687.393212721872,599.9343442183441,981.1237280646232,1274.3626098834798,149.3165650978858,88.48033350773991,4512.8740028151615,25359.794712176947,918.7014346430096,6985.945505390586,222.4453569106101,44.12768973935845,749.9382816208075,592.8169799344283,74.18782442617601
,,,,,,,,26,480.7566579599722,4138.300830697891,4943.958585,2100.360529310942,225.7829995806086,258.37241332343103,2661.651739,4367.923425166987,14187.126394427358,3320.3379494095457,5224.935921703569,857.6817197828474,2127.0237382442333,2691.001904280653,600.6991316089822,982.3697225932382,1278.244078573258,149.7721730293076,88.75109967,4526.551086850364,24527.75501440068,911.5559451261778,7068.288699,225.07360575845925,44.66608954,755.1592409340109,596.9464421155177,72.80245565439199
,,,,,,,,27,468.3331084205748,3995.313379294707,4666.354328363264,2040.0850232087969,219.33048113134367,251.44830956245912,2594.0483832342998,4227.027453724007,13696.987181382015,3224.644699149368,4992.019047,819.4555864429018,2088.4574321869563,2642.359023508452,589.8190974,964.5574625870564,1257.395060708773,147.34083767689705,87.31049420639101,4452.656579317711,23389.723909645767,891.0825668202027,6989.145018152191,222.5465525274847,44.17129282477762,744.9145863460093,588.8554105530952,72.271225986192
,,,,,,,,28,469.9179146719625,3952.7115112378456,4548.889258171188,2030.938439367456,218.3793880642613,252.70492048494455,2610.481086035481,4180.785743112759,13526.215163585452,3227.5432781787563,4901.443376815048,804.5872463963263,2105.8307545582857,2664.477435014551,594.7225740784436,972.5776735993225,1272.6043691540146,149.12111455876092,88.36504555813966,4506.479993858686,22949.509510583423,898.1466634,7061.368493853603,224.8497246,44.62623142903364,754.2103882120454,596.2116366958777,71.886908132948
,,,,,,,,29,480.7134915615525,3937.833537053088,4473.097578001535,2040.4668537786813,219.4433717965489,260.4087524081173,2693.6850408460555,4154.651085,13437.875932358698,3294.3548752690576,4851.790827290486,796.4359006302818,2155.812181551098,2727.918166112742,608.8358153639747,995.6660449014258,1313.6599398402698,153.9227539788907,91.21119246688384,4651.836380830978,22635.920824181343,924.6218444,7189.386583317186,228.92582176012095,45.42220503291385,776.5032559634079,613.8452812169611,71.814263901206
,,,,,,,,30,508.78376376231256,4019.510535629448,4525.369222756843,2105.059473340913,226.44459248866517,277.5027752788406,2874.006654451079,4213.262060092403,13639.474984740153,3473.4469671603824,4943.497759738556,811.4941609845641,2269.847639234449,2872.474291236046,641.0335071543474,1048.340106,1398.8720173555596,163.89692958359615,97.11585889,4953.544628727147,22854.871758268084,983.9002841,7467.738082777842,237.79000949419915,47.18321979808674,823.3692668979365,650.8974181116005,71.934734141818
,,,,,,,,31,613.2549086572978,4729.282925361912,5397.712527195153,2479.200715301854,266.7034885513891,332.59199,3446.613889699092,4908.743057929258,15886.995677284349,4190.827987026112,5914.741433654925,970.9246817378008,2693.9549513465518,3409.2553811729776,760.7940755169471,1244.2179141092074,1675.1109260802737,196.2505069,116.2789825732124,5931.800855107236,26764.258678713897,1178.7217775314286,8724.771739541793,277.80148812434965,55.101625511545485,978.5973276044924,773.6153245290641,72.108204907564
,,,,,,,,32,623.0957755,4771.510832923566,5789.298943139034,2488.2778480998736,267.63767953284525,335.5814442987182,3477.5466776946337,4978.977749,15953.796293907835,4273.383185751663,6208.317572217619,1019.1149193617482,2694.350894,3409.4078504468293,760.9023488111791,1244.4191242050167,1675.8172008006109,196.32905575522648,116.32507525190684,5934.394742519092,27350.28171543504,1186.7954492365095,8605.535354188727,274.0087786138646,54.33361439620887,970.5511895,767.2531854797433,72.29989652172571
,,,,,,,,33,630.8514562603531,4849.399404,6152.485417771062,2503.7838116041835,269.2584699054596,338.8851387564043,3507.6542649801904,5081.104758520843,16224.126020126649,4327.93803,6449.348680907058,1058.6799397084665,2684.660362003168,3396.9149529720107,758.1614078083614,1239.9415452744536,1669.0263109942698,195.52181956687372,115.84862259875592,5910.444332651298,27973.92760758966,1192.2794973382329,8504.049797306494,270.7690377270718,53.70653193672278,961.9131687544242,760.4185885235912,72.5322659846096
,,,,,,,,34,636.0322557776177,4905.758495125114,6372.635974674289,2514.264032,270.36734634330213,341.42598396082235,3526.776658,5127.063036002397,16404.58997218188,4355.516971244725,6590.867590581817,1081.913876375873,2674.530826404617,3384.0564906894942,755.3043928466093,1235.268445192114,1659.8225743338512,194.43984855987983,115.20004160465062,5877.883519486278,28343.34527905046,1197.537951245707,8426.293842198535,268.29125552301554,53.21205421830886,957.1322402393976,756.6453760491914,72.488318546068
,,,,,,,,35,635.8890155017092,4978.824852528547,6457.099471983739,2527.7457053897547,271.7896028178739,340.4470648046291,3515.8748507071487,5137.353736874009,16601.937648511353,4331.641240196157,6640.612779760628,1090.078141889894,2651.3944612419405,3354.914385470156,748.7585699440749,1224.577864943422,1646.4799449793877,192.8729851019997,114.27125089962654,5830.658474,28725.976221648238,1193.6750971273198,8356.545429746411,266.0656503689609,52.765628148915454,951.9414269108348,752.5404905768336,72.664528687572
,,,,,,,,36,641.4729348194393,5063.197924930667,6568.841049537168,2563.4500181416065,275.6106817601243,342.23972392523723,3536.979397878303,5185.341948737211,16882.89551,4348.086324744018,6726.416626942712,1104.165088136262,2662.268126008297,3368.721343584986,751.8312148612785,1229.5959219784036,1652.4936796101636,193.5776564474902,114.69356887402238,5851.951784637304,29332.520520410253,1200.8335385028483,8402.986594264137,267.5505774107166,53.06642196570762,956.8555731054876,756.4240185,73.068327270528
,,,,,,,,37,645.0780493487649,5093.522755093175,6608.511336436499,2587.8659330131613,278.21654001200864,343.0249325751532,3547.217592297457,5199.972672011466,16996.14692162736,4352.806164,6747.086510894922,1107.5584437136336,2667.1505315955656,3374.952587861548,753.2081299646226,1231.8585068079606,1654.7593535288972,193.84130112034796,114.8476028351545,5859.974916340771,29767.13159227113,1205.631008581785,8439.658693020816,268.7204355264437,53.29970010530522,959.7916200238532,758.7409780182822,73.160995005264
,,,,,,,,38,649.7369426029604,5108.197584859103,6644.712777959811,2609.6888891347617,280.5535312140759,344.95830054388006,3566.548527750358,5221.217816550194,17051.575158865835,4374.643743,6784.293607642983,1113.6651636543688,2671.8386279673705,3380.8909366008547,754.5316539076205,1234.0213682880635,1656.7639397849414,194.0835282089101,114.99544679276846,5867.088379,30201.663931095547,1213.3979764946218,8489.186704752643,270.29148839817026,53.60905762112883,961.6212107,760.1961934710971,73.88042009330199
,,,,,,,,39,648.3602954307538,5077.993812397926,6622.7845888613165,2600.396162678676,279.5388005606172,344.0310928,3555.3953679049087,5185.353683921605,16955.321768245172,4361.638843,6748.654965452313,1107.8175517097195,2646.6597257047524,3349.0641898741087,747.4299875735071,1222.3975289426476,1644.7546863844302,192.6736449208547,114.15679092242408,5824.598779099897,30352.23911135148,1209.8854622641377,8459.997932231017,269.36086447785726,53.42371464742951,953.2181694455508,753.5463570341535,73.98625563488
,,,,,,,,40,672.7983231628003,5233.46723,6813.893131,2687.832368899855,288.9363594652622,357.1744462974952,3690.166283966511,5323.772398694743,17475.302000144988,4524.096473803735,6956.626782760645,1141.9496344865836,2728.862986609967,3453.183447360831,770.6404050858052,1260.3568091673014,1703.8970961409098,199.5983408877052,118.2593086820054,6034.023959101915,31539.97701035543,1254.4009779403386,8761.525730172021,278.9701490292261,55.32447958528584,985.2815446846693,778.9018706750586,75.1994586207375
,,,,,,,,41,716.6300687238714,5462.3541962117415,7197.211345141292,2824.190905337095,303.61014816633616,380.669041640109,3929.447832795159,5574.640009649136,18260.50801103432,4827.253171177072,7352.329484053586,1206.909128092596,2874.4433264312115,3637.526694776814,811.7528928969331,1327.596534793521,1809.2444905846885,211.93568150606947,125.56599058283072,6407.127619818096,33276.22820076902,1331.8336327895513,9256.104421,294.7126247,58.44335043876893,1040.5611342095758,822.6091500931313,75.838413673899
,,,,,,,,42,720.5830899727725,5400.6621398188345,7283.203832,2798.265559687272,300.8260925907366,382.4520176,3943.827822746255,5512.807538,18036.62645964388,4868.646889,7359.822227,1208.137633329353,2863.210453200116,3623.315056620408,808.5816353,1322.411670539491,1811.4443764883708,212.1922580817782,125.71719512038032,6414.941914,33067.42619807087,1336.9411627372776,9215.573695311276,293.4178103,58.18234305324384,1036.3522044966096,819.2765619730552,76.11440866263
,,,,,,,,43,733.2797565,5485.732368779874,7593.8002533818035,2843.03112843943,305.6406985353605,390.3302202632981,4019.521969736423,5646.866234642695,18280.149392156876,4978.7748071589485,7597.9235901889315,1247.2226729065496,2920.3324728486964,3695.315977512068,824.7054572,1348.7959373714646,1838.5727068154135,215.3656682,127.5999808277747,6511.080716402012,33830.77091094873,1362.5032022896703,9335.5764080528,297.2414018516702,58.93549546402651,1050.6821125867057,830.5995345947892,76.6412880516787
,,,,,,,,44,720.9118095166959,5438.869192018538,7559.297491620631,2814.1735684416367,302.5121157914977,384.7416722159583,3955.995586070159,5652.732298421059,18209.697433009613,4926.797172226946,7568.498229,1242.3966701148502,2891.9311508439832,3659.0597119358335,816.6800106,1335.6718194779437,1807.9401101948015,211.78477970820117,125.47297907694212,6402.634621853998,33744.10377590748,1341.5009078505047,9167.65235944006,291.89039886015485,57.87528629509763,1033.3747752563263,816.8985394111479,76.75558274525
,,,,,,,,45,734.2734993599076,5736.231847,7864.780373728218,2934.7312889630857,315.4524389098411,393.1326352661392,4039.8237010872094,5945.661912387658,19223.226786793963,5045.514501174295,7898.527328464817,1296.5720752447817,3001.234348259963,3797.028331871112,847.5477396631237,1386.1592629708575,1852.0552633415127,216.94873555478964,128.53540117815035,6558.865352120887,35306.469398535766,1369.7695226197886,9436.562703256626,300.4599924872651,59.577932543503366,1065.1040028781863,841.9702294921524,77.564106581045
,,,,,,,,46,713.7391087320034,5847.813849468908,7914.446140674398,2952.662513833736,317.3290866010555,382.26270963841927,3929.318860229056,6042.208168416842,19656.939184681425,4918.511637340702,7920.326329913312,1300.1493476026037,2973.185303,3761.234705686544,839.6422466369236,1373.207777691891,1810.5108409670784,212.0914436129953,125.66013303948353,6411.681702978681,35887.16818459815,1333.357679601324,9380.421689,298.6727558373387,59.22902753230586,1048.3421199613574,828.7248691165934,78.19524987074999
,,,,,,,,47,707.1948267161771,5977.891946586896,7983.254286299234,3007.764902783451,323.22732130006665,379.3928822815735,3900.123159251836,6179.946541692137,20260.967085083823,4879.798654761246,7980.786977061722,1310.0717068035751,2992.583415960927,3785.611462655304,845.1258803150433,1382.1534198763147,1806.0123709875045,211.57940704053024,125.35932759756126,6395.736269214251,36915.18810016209,1322.5788098579997,9561.144382,304.43380683434964,60.39239661907135,1051.5458426879984,831.2236827217788,78.7747782030625
,,,,,,,,48,674.0664471130485,5787.852870205067,7511.900396071703,2920.6184970108275,313.8654353380026,362.7918037016976,3729.315147721888,6032.054628,19822.79504953672,4665.249016517655,7613.593344872609,1249.7984081563868,2902.088304491392,3671.120067925551,819.5762801,1340.3518975112224,1741.8202289339722,204.0713028670384,120.92067172097744,6168.334311290223,35629.61245114678,1266.9781809306353,9412.017976187262,299.69235868409964,59.44322679416488,1019.8876977279964,806.2122632208508,77.54315236102995
,,,,,,,,49,662.9699323634375,5700.696768481999,7111.559161800552,2890.8190401906954,310.70855830682507,357.0751392610562,3672.7130958303337,6003.683771743139,19608.288675125244,4587.814133984712,7353.499792513946,1207.0980265969513,2895.767646503516,3663.3285751878575,817.8024027178723,1337.4219194271482,1737.1514305525932,203.54134894832512,120.61224704544234,6151.7385,34569.284535746294,1252.330772311929,9522.913756518112,303.22709327793325,60.152800123911774,1022.2807454016996,808.1003450368966,78.26344413003707
,,,,,,,,50,625.1787765323255,5381.470661762155,6429.152729406546,2731.321146052087,293.6095363475049,335.9890010398896,3461.2275261315594,5680.073229812955,18449.02233785815,4317.786935,6794.5373046968925,1115.334336716821,2765.9941392667297,3499.3946528025203,781.1526724495236,1277.4793465769856,1662.2360937092938,194.7646118732406,115.41245032665208,5886.353571,31896.036419040836,1185.3926952004897,9191.644063,292.6870364622348,58.08404470493182,982.013504165578,776.2726530314146,76.81932977995
,,,,,,,,51,590.0906756720664,5034.017730372543,5879.516372086967,2570.467746415801,276.3521721595801,316.8200159640729,3268.4508860606347,5325.972991028436,17257.939435012337,4062.990070765201,6289.847630806188,1032.498219735297,2631.416047922972,3329.3213601931707,743.1606765,1215.3237825573406,1584.293503106436,185.64661113125948,110.00953721436254,5610.261333618389,29470.60059916021,1122.7468322874445,8806.187800901365,280.40436003405813,55.65497625,938.5779985901664,741.9464497359089,75.7192267189
,,,,,,,,52,541.3602184353551,4553.647988988524,5240.463505548333,2339.704963008776,251.57992392517176,291.1240169443598,3007.356320824791,4816.396677923846,15582.625320156008,3718.231375162901,5646.616939414666,926.9098152248084,2425.983265761161,3069.561813,685.1391116601593,1120.4400713103798,1466.0802615876732,171.79221440665592,101.7993119049283,5191.606699125181,26438.556806897952,1034.693206375123,8134.918612229711,259.0339551849066,51.41082227357312,868.8740900497701,686.8545586322135,74.95247602967267
,,,,,,,,53,525.185865,4302.135365109232,4886.918428833887,2229.2370996321497,239.74479407559056,284.5000157008496,2942.886632,4539.011411623054,14681.05767716488,3599.126392915364,5300.645826136043,870.1167842,2355.253400001512,2980.2867757432414,665.1612030260279,1087.778359167119,1435.1909068110265,168.16265013659114,99.64943746688286,5082.192941,24730.04371139577,1010.1616278902088,7854.500192173492,250.1044964226561,49.62436141462189,848.3401055857298,670.6341109089163,74.4848163893504
,,,,,,,,54,578.4552311086444,4569.931396076111,5145.060998496549,2393.320602733937,257.4533002246648,315.50325195165453,3267.565323261653,4790.214728295867,15507.227660244898,3949.091365012639,5620.446922183118,922.6179683181406,2580.6744126924777,3265.823122388064,728.8148953247318,1191.8969538555084,1590.4297537074142,186.34053016787527,110.41464094755734,5631.869582135429,25984.555849670545,1118.632917866028,8490.349862,270.3523278340169,53.64436182264421,936.1192189963532,740.0295434695938,74.35797712606193
,,,,,,,,55,563.0769914718903,4342.322195614564,4956.059360858101,2276.3468507469142,244.88120001742251,305.3785537765912,3164.6040698249203,4507.098490282001,14587.08540805374,3847.9248700633775,5430.783781394389,891.4814068683406,2473.5294047400816,3130.302319786232,698.5441667473278,1142.413162816689,1538.0495244695474,180.19284223109477,106.76477065970836,5446.447362022957,24574.34590907993,1082.2760697145827,8010.890990071983,255.07113591957616,50.59308467042398,898.5262593273369,710.3163519,74.32401170245839
,,,,,,,,56,591.8263497650715,4532.057430181359,5498.7688825424575,2363.4061631014133,254.2065556582084,318.7406319128355,3303.0295458413198,4729.112830773846,15153.17130467532,4058.927810739427,5896.759489248563,967.971676944126,2559.1376433002083,3238.310196116393,722.7172408,1181.9692201468945,1591.7180244272108,186.47648240814917,110.48742003773108,5636.583197272952,25977.73573324219,1127.2373305128167,8173.675342730619,260.25792763232664,51.606937394726806,921.8450683112248,728.7493672005853,73.793233844682
,,,,,,,,57,632.1985449939962,4859.754569252224,6165.623128,2509.1302666699826,269.83343101183124,339.6087772,3515.144334940368,5091.954696,16258.77020959159,4337.179692746022,6463.120298395091,1060.940592046133,2690.3930518328007,3404.16855572886,759.7803478624844,1242.5892546035511,1672.5902665298918,195.9393271080012,116.09599996907374,5923.065200673917,28033.661737299557,1194.8254315074887,8522.208921,271.3472244246246,53.82121418620807,963.9671901559968,762.0423484488281,73.63326439936
,,,,,,,,58,633.9971862542155,4890.061870446238,6352.245881,2506.219311087101,269.5022701751231,340.33354626109167,3515.4922684998987,5110.658318,16352.101311751474,4341.580917268966,6569.779235951165,1078.4521494952662,2665.9733104535417,3373.2287533112167,752.8876963083267,1231.3160400378229,1654.511751958731,193.8177124868353,114.83144379906032,5859.076451913911,28252.656988252787,1193.7062698088623,8399.332797946898,267.4328220826507,53.04179519632749,954.0697687463514,754.2243888573732,73.50852145484
,,,,,,,,59,635.6523043652346,4976.971473620562,6454.695801976738,2526.804746,271.68842851827657,340.3203326082005,3514.5660582743103,5135.441345227225,16595.757539352904,4330.028777,6638.140796506215,1089.6723578151225,2650.407473605949,3353.6655109376507,748.4798428585052,1224.1220130399515,1645.867039064271,192.8011876933548,114.2287132,5828.487998576808,28715.28291147617,1193.2307488496576,8353.434686649023,265.96660682371896,52.74598602347935,951.5870645433018,752.2603556626818,73.294765425898
,,,,,,,,60,646.6722314281656,5104.236395,6622.083129036178,2584.227414,277.84457442374463,345.01366143590826,3565.647489687507,5227.370426,17019.73555,4383.328638574537,6780.935895424689,1113.1146189529234,2683.846466866857,3396.025662297006,757.9249925930903,1239.5621006902854,1665.887549121988,195.1466511751881,115.62318858409988,5899.383299541137,29570.26784565023,1210.5665909910877,8471.094877,269.71914093738485,53.496538425478754,964.6111239108984,762.5550221,74.456611154912
,,,,,,,,61,731.8371071345226,5778.570456667158,7497.315749320412,2935.918095461948,315.63496541994743,389.1596909618134,4024.296693624005,5899.337237,19282.02487763181,4938.232007813064,7654.528438387566,1256.5182899155975,3025.8659883183946,3828.863098209985,854.5100231824656,1397.535952326257,1877.3143800396767,219.91177222403024,130.29390397807833,6648.105752451468,33770.628986946576,1367.7810157746294,9574.741241526488,304.86169287908365,60.46818423845484,1088.8777309339994,860.7870055071518,77.651962806552
,,,,,,,,62,768.0537965685854,6038.398452388748,7854.712486832471,3084.9122586948856,331.64222419990864,407.77507790945646,4216.015679223409,6171.999625952383,20156.66061063804,5171.264730237485,8019.710933337404,1316.463172963833,3158.3794416980545,3996.549910241745,891.9315855633192,1458.7361973960958,1958.4600328741624,229.42606602464772,135.93607459574386,6935.482975760814,35701.37562447531,1434.3572936791286,10035.064425064014,319.5114672296649,63.37124694098385,1136.7320731095087,898.6276356603195,79.23773595494904
,,,,,,,,63,791.4123178433396,6198.385190126427,8084.013378033371,3174.1387758008595,341.2152959364133,419.9369494285339,4339.845775247067,6329.432580542998,20696.28660939445,5323.976083524592,8237.655368740889,1352.242668967937,3230.6097748799034,4087.990384040215,912.3404117430936,1492.103184794409,2007.647796770768,235.18450619008303,139.3439591,7109.718551183639,37049.05447809836,1476.830498047804,10326.58325884776,328.7917344646751,65.21094233389708,1163.5330019554826,919.806276272044,80.08659594661823
,,,,,,,,64,805.8935302662503,6268.769163206105,8161.840184307642,3219.548328173313,346.0947132821468,427.83188592747206,4420.167279661393,6376.938801733551,20932.32449682833,5419.068319610779,8332.809883277814,1367.8539179414097,3268.695759456976,4136.303708321236,923.0910589979776,1509.6847946352063,2040.967699747284,239.08355005569229,141.65375935029832,7227.694693488568,37779.3204,1502.550761020789,10494.759957209892,334.1569538746668,66.26895256446781,1180.1932243519825,932.9868352502104,80.528482663934
,,,,,,,,65,823.1683853058257,6274.418950451084,8267.189865804437,3244.051245967897,348.7465658,437.26147425101294,4513.621977131701,6403.397813847933,20975.219363979933,5544.9001818417455,8445.368752670653,1386.3351281812472,3301.774478825562,4178.302176432979,932.4327114869816,1524.964613652959,2078.2171038261504,243.4432496597664,144.2333475,7359.647784031555,38223.26222771118,1529.8316228226774,10632.169738034248,338.5262856695994,67.13187251298685,1195.256892003704,944.9029218461044,81.28263050612
,,,,,,,,66,832.4721447685002,6239.253817175896,8414.108517726008,3232.768246327722,347.5370793266888,441.8375282902636,4556.208509310583,6368.812672103113,20837.27653644407,5624.629517177791,8502.623888,1395.732068637954,3307.797504641905,4185.927894131908,934.1347272219648,1527.750088726759,2092.7176979424985,245.1405627563139,145.23802252991743,7411.026609472215,38201.99445718647,1544.5356582198565,10646.528493609016,338.97847072771333,67.21664799408586,1197.272534449087,946.4903162382604,81.9749381110032
,,,,,,,,67,804.9083440807054,6021.592329721643,8335.581520425612,3120.745469392712,335.49644099036493,428.458645516972,4412.158858,6198.466151758602,20065.799781344485,5465.113894513196,8340.107635011873,1369.0544809241983,3205.597801092506,4056.283619070116,905.2647342887234,1480.549674107084,2018.169054692268,236.4031214636733,140.06426383430235,7147.099250269333,37135.44462819809,1495.5958987028512,10247.49869537735,326.2766801479644,64.69246102019731,1153.3153505873688,911.7345598284774,82.39470810083199
,,,,,,,,68,743.5302041135969,5609.512102735282,7796.468212482402,2902.467431012503,312.0033438654318,396.8128282785648,4080.113776406533,5830.085100786787,18781.02129897057,5081.373974922178,7805.957620375206,1281.3764978268869,2982.6646345425106,3773.861627129416,842.3031041046328,1377.578127387043,1864.663695909628,218.4294644724433,129.4096566490762,6603.515387608079,34802.81504189982,1383.5901016815856,9455.284738124545,301.0483737099383,59.69110626856807,1065.7966028983244,842.5284892415167,82.0388225278996
,,,,,,,,69,686.1288156547197,5360.119856000641,7349.104179729667,2742.307471693341,294.7689226,367.3558008909713,3774.941426998448,5555.818056604462,17962.80247044579,4714.691313355678,7380.638421542235,1211.5587218852288,2804.4500729891247,3548.0656112813977,791.9759154222935,1295.2718765420614,1730.6201101787806,202.7238884608512,120.10762019458488,6128.815107739129,32991.50255931142,1279.9567750903946,8817.828230327244,280.7594976212885,55.67153973398968,995.2674973030817,786.7641102144974,81.80298276668339
,,,,,,,,70,631.8731205656698,5177.068680060936,7006.657922,2613.9916585318274,280.93139039709155,338.41711664676507,3478.625368198416,5349.165940013648,17402.285164757588,4354.357578004016,7011.863652633218,1151.0220126939223,2632.160480588106,3329.8204926506774,743.3351487265271,1215.7006293472243,1602.8449624012403,187.7645216,111.246895991753,5676.260801979069,31770.90434255796,1180.4213437829676,8304.485844448385,264.4149437098449,52.43544875,928.0971137,733.6699961,81.2732746701
,,,,,,,,71,563.4961696729519,4763.212466163035,6361.094626135066,2396.6012447591384,257.5490524046698,302.3020360026588,3107.636507603017,4924.210519465138,16144.034027127482,3888.2465578849024,6359.128662510597,1043.8713080080204,2384.504564535732,3016.3930482659,673.4002830031093,1101.306356576687,1439.0391657119085,168.58746832555968,99.88690282,5096.152791,29414.19579352536,1053.837026645413,7618.364888380136,242.57429153813575,48.12094614752358,837.8766815,662.3229464645813,80.42946513437535
,,,,,,,,72,539.0170107301369,4628.254626832896,6006.888658728967,2335.471611863066,250.98239120486892,290.10634542960355,2982.145620220352,4823.530481057399,15851.291482730445,3730.5648277925966,6088.207391488565,999.4008823090974,2320.653949564552,2935.6099439745312,655.3739004140131,1071.8119500195196,1392.8459680056042,163.18554961206598,96.69417501148862,4932.506484925486,28491.207772087066,1013.1386819065387,7526.317051072461,239.64889516222345,47.53375657840852,815.5528590159731,644.6873687252383,80.36090055083403
,,,,,,,,73,530.1958944349327,4559.009201658227,5687.315949874481,2311.870134441058,248.48246343963564,285.5631358213837,2937.173029710156,4801.316518105477,15681.305659495907,3669.005334220491,5880.802747449065,965.350593805464,2315.827675533274,2929.667961873756,654.0198208300403,1069.574314297617,1389.249363402275,162.77780076003572,96.45704138,4919.720091363075,27646.03919376254,1001.5245059263436,7615.744742,242.49932325628492,48.10590361280464,817.5469621067773,646.2608096005472,80.3802243931875
,,,,,,,,74,491.3684379106656,4229.645874095696,5053.086976592595,2146.721954337791,230.76672568920551,264.0754882,2720.402589803404,4464.336946356766,14500.279963780258,3393.6280330676364,5340.266347896455,876.6133966039006,2173.9737024026667,2750.4006033570176,613.9584113,1004.05364761805,1306.4588617915606,153.07810611751145,90.71010974973024,4626.466009033777,25069.15810177926,931.676792008408,7224.307597499101,230.04167336079445,45.65200769050722,771.8279309,610.1228884136501,77.69073674433918
,,,,,,,,75,491.4755857288156,4192.740056070687,4896.940202423186,2140.8949392869345,230.1686016727371,263.8735186574757,2722.232158342438,4435.9041809300425,14373.817858814587,3383.9891175460853,5238.697501828379,859.9486286246125,2191.6576498623854,2772.930047940179,618.9647520794946,1012.2206510079984,1319.5286919570149,154.6216212286178,91.62490439,4672.682671847799,24545.516966110397,935.1150251530152,7334.510586117416,233.54359384122725,46.35399809052426,781.7242173567832,617.9534451176768,76.65360376656
,,,,,,,,76,491.1662488489634,4131.441737249106,4754.576924195294,2122.7716240689183,228.2538747992426,264.1315088974866,2728.519519444736,4369.828828763396,14137.831641638888,3373.483486041121,5123.072524307577,840.9683635067827,2201.050353973422,2784.9574277507063,621.6142153674258,1016.5548338149626,1330.1478721076578,155.8639417123145,92.36065832147932,4710.250035139879,23987.22020867321,938.7582677456404,7380.663231976297,235.0167813593671,46.64410103744434,788.3136089408875,623.1706091061426,75.86632804845
,,,,,,,,77,503.05685836608455,4120.862432,4681.005326987513,2135.3069199860365,229.64301011530364,272.51244489085707,2818.8864216685406,4347.757571,14062.462918788306,3447.4751447321214,5077.300083876714,833.4539160936605,2256.0134514959154,2854.710688619673,637.1342554643849,1041.9441961215723,1374.718317455021,161.07702073462983,95.45065144971,4868.051836390467,23688.0291814694,967.5978901904396,7523.546336164624,239.5662004813418,47.53341057620805,812.5948102414978,642.3765592447706,75.0212661794375
,,,,,,,,78,495.7895903572491,3916.853531567013,4409.792751,2051.296932605941,220.66127055307905,270.4154438048666,2800.605450452183,4105.656704518611,13291.127188035429,3384.736250704306,4817.242419665253,790.7688615625566,2211.8764618344853,2799.112223299961,624.6617179116565,1021.565837286184,1363.145276724935,159.71105480681837,94.63555113835692,4827.0326948568045,22271.165697010667,958.7717878287576,7277.014458121171,231.71692926359097,45.97817556606996,802.3406810968573,634.2737077610448,73.89737004950801
,,,,,,,,79,505.4887615154258,3898.214812550599,4449.182520792379,2043.5353740094008,219.8361794035367,274.14621673385693,2840.946826,4046.138749028302,13095.203406841612,3454.3815613709808,4875.354896919377,800.3058890649118,2220.5512466521573,2810.153259257441,627.1011443566673,1025.57380883491,1380.746791377842,161.76376948957204,95.84549273,4889.416497895355,22061.02516489099,971.587186803242,7191.583791448034,228.98394810500093,45.418719107037774,806.6302351108195,637.6693390710085,73.56741543498876
,,,,,,,,80,555.1960294320735,4251.551644149719,5158.429751504092,2217.1262198955183,238.47277231415043,299.01259605443875,3098.5928383821924,4436.410557630886,14215.28552251745,3807.7057656667134,5531.787248483069,908.0603319798342,2400.7431553097163,3037.8792084315014,677.9855994046682,1108.8127762425104,1493.200712486436,174.93476364572385,103.64894522099614,5287.714228897918,24369.87764815969,1057.4684455613628,7667.776363712533,244.14960250932612,48.41279329,864.7886696513158,683.6443752,72.7922484975625
,,,,,,,,81,577.1612871009371,4436.679306515821,5628.862971388627,2290.693114817146,246.3425637069909,310.0434831734861,3209.126697245116,4648.664805669073,14843.331758910284,3959.598189010564,5900.460954311954,968.5783722403086,2456.17572,3107.8121275202648,693.6362112,1134.413261788811,1526.9797101985732,178.8814528644945,105.9890398356695,5407.42139,25593.137501772897,1090.8076099990767,7780.291664347457,247.7245709283789,49.13570507085249,880.0471760003696,695.701289,72.63753824686499
,,,,,,,,82,598.3177698,4614.864191453993,5994.760972012721,2365.176977527879,254.33550926283905,321.18061844635514,3317.6511494225915,4823.046147845774,15431.855219398987,4097.250063540849,6200.052217127124,1017.7601712937284,2515.9405119472244,3183.3937883935973,710.5174866759969,1162.0213510744277,1561.4009067246022,182.9102462753504,108.3690824535287,5529.345605286057,26662.684134223917,1126.528143324358,7926.644117861242,252.3825233597891,50.05676569888285,900.3776493188924,711.7789542694561,72.2631111096
,,,,,,,,83,628.3429175004422,4919.741114089253,6380.473041534907,2497.748934962602,268.5642742957718,336.4069779,3474.1519469663235,5076.388735402739,16404.922374693884,4280.237633,6561.808596006955,1077.142179344213,2619.93035043518,3315.1016003434247,739.8730483981043,1210.0457935382346,1626.9411595639294,190.5841604613849,112.91519341633192,5761.466022370901,28385.084923849052,1179.5097490162384,8257.378264993373,262.9082480180634,52.13945818622791,940.6447334253098,743.6100889605486,73.43866540665199
,,,,,,,,84,659.9465658775871,5209.011793860112,6758.015587451108,2637.274223810518,283.5479301990694,352.0958067777691,3638.840051555088,5334.673415228891,17369.102126280428,4473.305859680295,6920.129147556708,1135.96368377188,2738.938171567721,3465.736372374336,773.4830285660231,1265.0067712601833,1700.083463848889,199.15245471597584,117.99660250351972,6020.480794002116,30177.26101168622,1235.4160665385727,8644.982266572108,275.25570476401833,54.59466960915093,984.411836002938,778.2080993357057,75.32771577964
,,,,,,,,85,743.870217,5873.583639629042,7620.589115692765,2984.1914400991814,320.82474080531324,395.5583844096165,4090.465522214308,5996.336107913579,19599.066362426773,5019.428065693647,7780.386748233792,1277.1783827655445,3075.618286213202,3891.818542435208,868.5601620159767,1420.5147046197387,1908.181809277628,223.5276349372185,132.43623980842267,6757.416124790848,34325.89693335928,1390.2705274762036,9732.172331,309.8743305237748,61.46242229361128,1106.7814217945977,874.9403525778101,78.174366277888
,,,,,,,,86,768.5287523622296,6042.132529795964,7859.569752325718,3086.819934,331.84730800589267,408.0272414123544,4218.622815705108,6175.816320816482,20169.125261916783,5174.462581944055,8024.670232,1317.2772589222798,3160.332547875073,3999.021331570482,892.4831459826415,1459.6382633860655,1959.6711224402704,229.5679405128128,136.02013592905533,6939.771800105898,35723.45295196157,1435.2442840303672,10041.269995571663,319.7090495125394,63.41043500439757,1137.4350153856317,899.1833368413988,78.778257075552
,,,,,,,,87,786.4721314192418,6159.693375913785,8033.551018221719,3154.325037,339.0853478238124,417.31560178234463,4312.755411983606,6289.922736936002,20567.095400423143,5290.742541694307,8186.233938594402,1343.8016443279296,3210.443530064671,4062.472162827647,906.6453630123242,1482.7891171072115,1995.1155753656165,233.71642782126955,138.47414054417283,7065.3379744933145,36817.78535095471,1467.6117661521075,10262.122237364423,326.7393372169493,64.80387991553792,1156.269948537368,914.0646238155574,79.31533077968
,,,,,,,,88,811.0489155393111,6308.871135750212,8214.05233,3240.1441158470134,348.3087173917833,430.5687712866679,4448.443552447084,6417.732746778383,21066.23076780463,5453.734666912764,8386.115740369474,1376.6042226397535,3289.6059483932904,4162.764076126573,928.9961691304288,1519.3424062984427,2054.0239837685663,240.6129925523717,142.5599332770042,7273.931013029041,38020.9986703456,1512.1627355242122,10561.89603523478,336.29459088774365,66.69288199,1187.7430439493432,938.9552497,79.57596896158
,,,,,,,,89,810.5307745965732,6178.091557978281,8140.268656184976,3194.2472720796427,343.39246887428794,430.5484609861933,4444.327044947778,6305.090286211502,20653.19939626133,5459.772653658377,8315.712069,1365.051556,3251.084314749788,4114.155208116448,918.1176310846076,1501.5527461945512,2046.3114825750288,239.70581139814936,142.01901936842023,7246.659523899031,37636.44339854535,1506.3450350903822,10468.940410301926,333.32909456081774,66.10123712155706,1176.9068295276263,930.3963937802944,80.37885523008501
,,,,,,,,90,833.7870503232871,6249.108837014681,8427.398761847768,3237.8744651377424,348.0860207,442.5354190532317,4563.405127137748,6378.872332612564,20870.18941027004,5633.513726267829,8516.053943738916,1397.9366539343862,3313.022234,4192.539647,935.6102108,1530.163199,2096.0231852707147,245.5277669284865,145.46742874343576,7422.732466679218,38262.335232588215,1546.9752816106477,10663.34488745885,339.5138936567736,67.32281796551013,1199.1636491440763,947.9853156591956,81.5191055783608
,,,,,,,,91,810.8316408827018,6065.905050358552,8396.922819376994,3143.710943405545,337.9653494,431.6116600725322,4444.627804851211,6244.080481643487,20213.46341105885,5505.331506731997,8401.482241507216,1379.1293125348443,3229.187700915676,4086.133690777682,911.9265508110713,1491.444996,2033.0207013368304,238.1428050731742,141.0949926,7199.694543,37408.72327169152,1506.6019448806717,10322.909736519076,328.6777406,65.16853093584945,1161.802564290725,918.4439876064556,82.357608476876
,,,,,,,,92,840.7018569207668,6342.616904,8815.385397116008,3281.7896911306343,352.7789309727658,448.6721315934639,4613.342147091732,6592.016495255538,21235.50515306402,5745.456624077193,8826.114971775412,1448.839058827406,3372.467833799913,4267.066031933519,952.3833460875826,1557.6132393012774,2108.355817976241,246.97592024134644,146.32215079689684,7466.526064244183,39351.18044959073,1564.4109160132914,10690.991963846876,340.3922603287473,67.49211209,1205.0851171872132,952.6381867,83.68280754395201
,,,,,,,,93,826.4424806287412,6456.266883,8851.999435265312,3303.110637308485,355.0493056882753,442.4802346655442,4546.918721348033,6691.985457921293,21636.204010108,5678.847900726034,8889.982444335494,1459.323049,3377.9614297483904,4273.646694787026,953.93536199942,1560.1555834914195,2084.532735325148,244.1810188,144.66968492105866,7382.160675064472,39738.28032389131,1541.7085366016622,10621.078243851283,338.1749467158103,67.05639575023069,1198.8001678306423,947.6577401794202,84.607236217624
,,,,,,,,94,796.0514227636855,6522.215860073938,8827.183537501895,3293.179771603221,353.9252197092674,426.3473447850886,4382.469491877052,6739.0288,21923.88537170718,5485.741412910261,8833.741862459137,1450.0897110752962,3316.06936158118,4195.000949477425,936.4744020196212,1531.5736405755022,2019.3088948725208,236.5509937434629,140.15194973478063,7151.112051337154,40025.87351989399,1487.1278103075972,10462.223437952003,333.1173384171928,66.05964428622245,1169.242690961593,924.297972563,84.9472807228872
,,,,,,,,95,758.9073808,6415.016270959944,8567.017704,3227.703171,346.8628312264166,407.13541406720816,4185.313777649183,6631.845803310793,21742.51971724013,5236.626564850339,8564.369976969432,1405.8687226803384,3211.411561,4062.4285861057992,906.9244345116972,1483.221302207023,1938.0742992610692,227.0508317802577,134.5260391857877,6863.414828901954,39614.55550284667,1419.2903887649045,10260.288631726076,326.6950693860691,64.80849945352512,1128.438545021757,892.0056597061721,85.00696435027372
,,,,,,,,96,718.5178022522274,6169.533199390259,8007.273150057662,3113.2188713399623,334.56331162583194,386.7161324930146,3975.245074611578,6429.838857314223,21130.010541973672,4972.8991624848695,8115.672246897326,1332.2164444364553,3093.466704,3913.212316541149,873.6232905545638,1428.741489461571,1856.684675779766,217.5287980387811,128.89479318238253,6575.105513539901,37979.20953214734,1350.5291384294785,10032.694106007546,319.4555905218815,63.36321420217634,1087.144257445444,859.3779827,84.830871601784
,,,,,,,,97,705.5840351295649,6067.1237602229285,7568.6729736864145,3076.633891880578,330.68015247369885,380.0270650376212,3908.786205116409,6389.586034779922,20868.66201617688,4882.707723322245,7826.164962609627,1284.6873663892015,3081.9005826308207,3898.7984701989753,870.3687619606934,1423.3881636472502,1848.8113203427563,216.62449425827745,128.36491038588235,6547.157362,36791.31448287551,1332.8275635287418,10135.02360591437,322.71779697901195,64.01927653712183,1087.9904776441267,860.0430794924124,84.6561965314504
,,,,,,,,98,619.0146336474123,5328.410392707492,6365.762516013814,2704.3908431677896,290.7146026063792,332.6762139013741,3427.1004862684804,5624.068796681776,18267.118514429763,4275.214384052228,6727.544469438898,1104.3373539751706,2738.7219673164223,3464.8912923874045,773.4506568522912,1264.883645122589,1645.8467644890716,192.84427013808056,114.27450569190704,5828.315253298621,31581.547614670493,1173.704950474929,9101.01621471088,289.8011983931273,57.51134715931005,972.3310392742288,768.6187534901067,83.2680468290196
,,,,,,,,99,561.0413669352879,4786.200333377651,5590.076302353319,2443.9273446741195,262.74775524517975,301.2234257497817,3107.5497859508314,5063.78306,16408.35609,3862.9749581289934,5980.207547904548,981.6698287916428,2501.875249631307,3165.4236948622406,706.5759534656795,1155.4951541275675,1506.3010300869375,176.50749752546233,104.59392713563948,5334.076299193508,28019.805643811596,1067.4756329464074,8372.671938392465,266.60045978348904,52.91516243489095,892.3731640136148,705.4215013286358,82.027194930832
,,,,,,,,100,537.2486126762583,4519.063243639969,5200.662428195394,2321.9350122940778,249.6691860673485,288.9129435334997,2984.515589002832,4779.816368,15464.27600333074,3689.9915802626406,5603.731145562631,919.8699782,2407.558035337313,3046.248633589648,679.9355118732628,1111.9303809174703,1454.9454499750575,170.48746050330504,101.02615085088904,5152.176686951802,26237.75719376119,1026.8347594457823,8073.134282541618,257.0666043052684,51.02035946204466,862.2750316,681.6379301051002,81.297495792074
,,,,,,,,101,536.4654707497612,4394.533873653278,4991.876533560839,2277.115226589188,244.8938792446532,290.6103248614375,3006.092067012511,4636.497392213003,14996.368033091976,3676.426124919135,5414.489702976202,888.8045954,2405.8380243646525,3044.295466716921,679.4471094155418,1111.140966217718,1466.0150180978983,171.77433985501557,101.78964427531258,5191.345027132061,25261.179754602075,1031.857232487511,8023.194117753243,255.47608064500105,50.690161672639874,866.5602111477102,685.0375609094191,80.62371439683601
,,,,,,,,102,525.4324424255997,4151.038985,4673.450634524544,2173.942290040099,233.85442653585383,286.5833609084287,2968.051348236666,4351.130544031421,14085.792757299749,3587.1068488802675,5105.261384163128,838.0482817832723,2344.122737324823,2966.468842260445,662.0097285535791,1082.6444189702706,1444.646612,169.26004749120972,100.29373295048366,5115.637011860775,23602.740387133766,1016.095964912502,7712.101170865381,245.57109399291437,48.72717288909884,850.3119708954918,672.1964113750054,79.4665562460389
,,,,,,,,103,517.0272146430076,3987.196749084687,4550.741027886216,2090.181786200393,224.85423251354035,280.40396866172244,2905.795215308821,4138.497246106245,13394.118837232209,3533.232413783939,4986.641355177686,818.5739351457372,2271.238281513381,2874.2987440473607,641.4155618300052,1048.9838947221626,1412.264172863456,165.4562426246833,98.03329354995354,5001.023930893583,22564.59739871944,993.7649562568683,7355.741254,234.21081119935985,46.45546176370981,825.0426427995956,652.2249896411793,78.321227215758
,,,,,,,,104,529.7908753058708,4057.005359469655,4922.385731124108,2115.672984735842,227.5605229204702,285.3301115161224,2956.804669050412,4233.405334234354,13564.809833746844,3633.469375786645,5278.658803409654,866.508499,2290.8878129715167,2898.869227423647,646.9617308337046,1058.074734210115,1424.873505101905,166.9299430114758,98.90608452177368,5045.754294317906,23254.739093726017,1009.079863116774,7316.907427339486,232.9775876663068,46.19747759636031,825.2168999080068,652.3615673432854,78.28731506134
,,,,,,,,105,533.3732456049838,4100.077559448235,5201.812698137894,2116.902932752205,227.6530593,286.5211209,2965.6568455324773,4295.9801541501365,13717.19866314758,3659.191606513332,5452.805099896551,895.0943203754019,2269.8307127910048,2872.028804135852,641.0114564407064,1048.347657,1411.1308956505516,165.3100844169828,97.94786906042155,4997.171434558402,23651.438721925108,1008.050276896124,7190.016914701116,228.9302165,45.407880040551845,813.2798042,642.9198610136875,78.0222439209184
,,,,,,,,106,535.7010385,4131.897237471477,5367.381416213909,2117.650230677651,227.71811791560552,287.5675762128449,2970.443560306435,4318.291986010239,13816.839955588135,3668.45383,5551.187979825486,911.2468462158812,2252.6356615668888,2850.236855161525,636.1585344,1040.4104240550903,1397.9930557930832,163.76784016524445,97.02775506292336,4950.673927483068,23872.31050521211,1008.6317452105224,7097.084025497896,225.96952105059344,44.81809287,806.1489499065103,637.2879835299531,77.776893432024
,,,,,,,,107,539.4866274444961,4224.022373162456,5478.186809793668,2144.533043336337,230.5856094762181,288.83442603567585,2982.8593032518306,4358.517876439224,14085.041780400315,3674.953438422209,5633.879034521949,924.8195299539046,2249.4363340934083,2846.300852915824,635.2448710732716,1038.928753754723,1396.8694080540254,163.63295122456896,96.94743934688655,4946.715856859714,24371.04534608232,1012.7109239426204,7089.671941295693,225.72942274073824,44.76622505043454,807.6246914308384,638.4534429,77.53928281606
,,,,,,,,108,588.9740428,4648.819910602447,6031.239448552513,2353.6542834900315,253.0543826130845,314.2304263771229,3247.5088851029795,4760.967525262551,15501.179684237852,3992.233876530711,6175.918857204625,1013.7989315103164,2444.385002334095,3093.021265911456,690.3004727209826,1128.9643598451762,1517.251672523077,177.73503562043263,105.3069136353996,5373.021235917801,26931.91288296424,1102.555923327385,7715.276386015561,245.6539266,48.72340419557878,878.5453987332756,694.5173959959495,77.58180739060799
,,,,,,,,109,699.4334903469685,5522.712177779279,7165.356432,2805.924188405924,301.65956793803093,371.9288326572049,3846.1125504200672,5638.131756871251,18428.27294440548,4719.581469285787,7315.608200825257,1200.8833176573603,2891.8894503974498,3659.332185720196,816.6748067628658,1335.657128467049,1794.1923639960323,210.17471909465195,124.52486918454204,6353.7469818104855,32275.363838869664,1307.219653891806,9150.799570619409,291.3633045451849,57.79082905818254,1040.6653946398778,822.6738625819833,79.59038716402
,,,,,,,,110,734.7876284467776,5776.861592599667,7514.506908391457,2951.297646935582,317.2780402901175,390.11340582577714,4033.410389052567,5904.676193502774,19283.62949791724,4947.285416956279,7672.358894471621,1259.444139357542,3021.582798065284,3823.450184916156,853.2999868249742,1395.5549934169655,1873.6346456363092,219.4890979138217,130.04837202656998,6635.091331701031,34155.06732027887,1372.2319958270134,9600.422813019664,305.6726941734101,60.626493169508784,1087.497604869841,859.7060156639923,80.808789663064
,,,,,,,,111,765.9028756,5998.593822662525,7823.442916880598,3071.8273661215085,330.2169683908248,406.40120184243807,4199.960354218341,6125.417188,20029.18715102223,5152.369377996374,7972.132595,1308.6560889653754,3126.4781462593305,3956.2229697937287,882.9331173,1444.0085074642254,1942.9356683051697,227.6038488645449,134.85251186607178,6880.552349333657,35854.859372377134,1429.228102316191,9993.728471,318.1938532061556,63.10901046892481,1126.029064652528,890.1583360260908,81.78558890574
,,,,,,,,112,817.2947817,6357.455585100166,8277.30853,3265.09638,350.99103358974384,433.8845699787205,4482.700898303348,6467.155536508628,21228.461252420664,5495.733732988347,8450.696995345827,1387.205415260535,3314.9391165848792,4194.821411909883,936.1503439985214,1531.0428218871766,2069.841968009439,242.46594682866976,143.6577835434934,7329.9473629073855,38313.79737305906,1523.807860658667,10643.23291657565,338.8843866160259,67.20648211,1196.8898216402868,946.1861191827338,82.828923438128
,,,,,,,,113,852.5222592,6498.162361723055,8561.994736,3359.732888817354,361.1827367071691,452.8540533630117,4674.576033010131,6631.740562701007,21723.18776866183,5742.629229207741,8746.527414388069,1435.7713155310155,3419.5145103690493,4327.298854796799,965.6829099989366,1579.344276124052,2152.32554125212,252.124344046378,149.3766542059282,7622.090046,39586.289330030566,1584.3848410035375,11011.308897404437,350.5980052278703,69.52576974550284,1237.8793015806125,978.5978033521442,83.49337787713802
,,,,,,,,114,867.2879745485668,6500.193237453836,8766.005181,3367.969777922331,362.07185009606303,460.31615279688526,4746.759245331619,6635.170530785262,21708.737614790127,5859.863987275835,8858.222459976932,1454.1046765692288,3446.136926077522,4360.992674316542,973.2023114756734,1591.6439827985948,2180.2397893508064,255.3928843009428,151.3121984669408,7720.972164470551,39799.68651768215,1609.1315620032549,11091.789906992642,353.1553015203464,70.02779715944264,1247.345124891522,986.0746386035408,83.846459671538
,,,,,,,,115,830.4011175527859,6212.306080338967,8599.583121379277,3219.5846203349374,346.1221660604967,442.0286367745399,4551.899199,6394.7817877477055,20701.31672202941,5638.203056200375,8604.252585471982,1412.4146920709695,3307.124365187432,4184.752804661136,933.93596,1527.4411217280942,2082.087793910201,243.89039783232516,144.50032984817832,7373.459659512803,38311.58534614885,1542.9638850478673,10572.053863450625,336.61040020118884,66.74137785186818,1189.842748011701,940.6106955665408,83.72778515183201
,,,,,,,,116,742.1638795448157,5599.203961704239,7782.141281297225,2897.1338042961443,311.43000087020886,396.0836378388423,4072.616085438117,5819.371630819838,18746.50895409793,5072.036350079649,7791.613251282226,1279.021817168114,2977.1836359925346,3766.9267106568896,840.7552726660016,1375.046664871531,1861.2371561320365,218.02807453266243,129.17185112034454,6591.380648138859,34738.860758682524,1381.047591,9437.909535649856,300.49516176627304,59.58141681,1063.8380757587315,840.9802436310763,82.462920153109
,,,,,,,,117,763.0253230524931,5960.844511132053,8172.740253641443,3049.6460675557178,327.8045569078873,408.5264636241381,4198.010397058183,6178.4751940731785,19975.947439055413,5243.080862349808,8207.808632,1347.341729528458,3118.7531759400104,3945.70793,880.7350236970517,1440.4368676692773,1924.5758792250224,225.44376063800215,133.56844022443423,6815.689737573963,36688.95887178965,1423.4053570168803,9806.068599008797,312.22505378690363,61.91081560949012,1106.8101008535548,874.9391159001016,83.66479499750399
,,,,,,,,118,703.8918799361896,5767.1334436643965,7805.253074208105,2911.925579322472,312.9509993124402,376.98875404895387,3875.1073124029576,5958.845766751563,19385.73872052186,4850.652515099508,7811.052136368386,1282.2116054529324,2932.165222214658,3709.3421608497474,828.0579727641443,1354.2620718931068,1785.5318055321595,209.1652862183109,123.92644062244544,6323.221793856802,35392.04447395352,1314.9617727817922,9251.00303,294.5520639405033,58.41186369985128,1033.8784810977286,817.2912187881565,83.408413184396
,,,,,,,,119,668.9062130709622,5654.239698989832,7551.028642880758,2844.9198932504105,305.7272978874195,358.8519691687381,3688.964503713084,5845.354748110059,19164.00722127739,4615.598863840577,7548.694917553322,1239.1424132986317,2830.560355431963,3580.6526461753324,799.3694676681765,1307.3215117615573,1708.2320885265706,200.12417311429317,118.57218114246804,6049.461288491133,34916.54314206654,1250.9723625920549,9043.489346585617,287.9512931477775,57.122659548180366,994.6135363702778,786.2199564,83.397241016347
,,,,,,,,120,622.0697246,5341.384452871723,6932.440904579648,2695.325292909612,289.6542110181221,334.80645472124445,3441.639999600566,5566.748763151634,18293.68708301435,4305.376989,7026.289374447991,1153.3903739874836,2678.224498461026,3387.934022370573,756.3550938174646,1236.9586696991998,1607.4581885831087,188.3294736157754,111.59298801221084,5692.515986377078,32881.18448692655,1169.2449185410649,8685.985565900297,276.5744294503791,54.85784358,941.2147155,744.0219620388868,82.96798592332188
,,,,,,,,121,595.0765877108367,5116.900503268659,6383.279471244689,2594.776393544129,278.88955384543766,320.50783158497245,3296.598337297612,5388.85925,17600.245419947623,4117.985819010778,6600.443475108757,1083.4816778779957,2599.21822358016,3288.1748655101087,734.0529931669549,1200.459377252863,1559.2534369470388,182.697111101912,108.26060263709265,5521.752007,31029.117425886157,1124.0822340403304,8547.692356260333,272.1742497824016,53.992679443818965,917.591142463226,725.3445026355869,82.871052348712
,,,,,,,,122,594.1475582512273,5114.357322271123,6110.036903345844,2595.7499688777143,279.0360064168382,319.3119345,3289.4268973903177,5398.138528,17533.29125304048,4103.470336909659,6457.2853407217335,1059.9738789433898,2628.701942023713,3325.6995700533253,742.3795726586177,1214.0706994167194,1579.7297563305392,185.0973240328009,109.6838666432654,5594.179989,30312.8526873232,1126.5548381676324,8735.409904,278.1592955,55.20099950642834,933.270526082136,737.7417766707719,82.321089994063
,,,,,,,,123,516.5950858361791,4407.032561,5147.224638745919,2250.3168764468924,241.9326045699639,277.3601924063203,2861.3664571344075,4662.624894602704,15108.469039324991,3556.9460608202094,5506.449280921294,903.9009230952116,2303.6740880530697,2914.6555347385784,650.6002709288359,1063.9556252162608,1386.9702945142017,162.5243898377509,96.30788735193394,4911.505222317114,25800.047473767616,982.9091021261272,7709.380151982471,245.4800938443134,48.72316818528076,821.6784330533841,649.5372756918046,80.743076379264
,,,,,,,,124,496.3199944769312,4174.792435389399,4804.466101420587,2145.045599535184,230.6489139780748,266.9030076,2757.149531334024,4415.680892650084,14286.17812958018,3408.881023652775,5176.828279483726,849.7925386956099,2224.1456982999325,2814.1796355082274,628.1367350890887,1027.2214157363408,1344.104946309093,157.4994024347077,93.3297870841662,4759.674095897569,24238.915091143783,948.6085400912071,7458.107602293764,237.48278286551368,47.13353171871687,796.5852844175059,629.7094598714085,79.23449357586
,,,,,,,,125,494.3789846165571,4049.7763840856487,4600.256654997632,2098.472269,225.6816029381613,267.81152778256273,2770.2598299131896,4272.757517340365,13819.881437615351,3388.0052188915547,4989.715214724042,819.0765992165954,2217.096578415397,2805.466118080013,626.1435085170575,1023.9703626718832,1351.0040358551544,158.29839635720822,93.80410059,4784.076558964451,23279.403947177645,950.9065516434332,7393.763024,235.43361545072844,46.713445737234295,798.5773188674605,631.2953810676403,77.988603963538
,,,,,,,,126,490.6976423276666,3876.625953154456,4364.502499,2030.2293313952248,218.39499521440504,267.63817414646434,2771.842165215008,4063.490045570303,13154.622246801626,3349.9737195466605,4767.767504249702,782.6473640063307,2189.1596476645823,2770.3642740746814,618.2462040212097,1011.0739668366454,1349.1452552624985,158.07076141090394,93.66360796423707,4777.457229584136,22042.43233815639,948.9248361968446,7202.276746,229.3371080968447,45.505962181539736,794.1003365441992,627.7594750718861,76.50278977326325
,,,,,,,,127,485.5069184,3744.1193655518537,4273.307459440406,1962.7549367944264,211.14611075400543,263.30928602531606,2728.6449158705896,3886.195906180575,12577.55332352144,3317.830730695901,4682.633349174101,768.6699993971241,2132.7734166991177,2699.068610657246,602.3119945022399,985.0331351927566,1326.166219439007,155.3692885370491,92.056744612232,4696.139098614925,21188.95841190204,933.1805906950252,6907.3023,219.9322704690806,43.62332861178435,774.7443456411274,612.4624311486489,75.3842084881
,,,,,,,,128,473.0440796635818,3622.4526618215896,4395.14068,1889.0596772842891,203.186130887076,254.76792125671324,2640.0963259482432,3779.9581372925854,12111.860137099598,3244.2823328402383,4713.252742,773.6953098526467,2045.5069492730809,2588.366447345836,577.6645669163271,944.7425619981536,1272.2528968978704,149.04979481680908,88.31208672425468,4505.295027941244,20763.88470461533,900.9956143158169,6533.181112172088,208.02296467681023,41.24918772852076,736.8265237004006,582.4860178,74.67755522081251
,,,,,,,,129,471.9850680211266,3628.182331,4603.114123917041,1873.2596412403104,201.45150807283596,253.5441959910122,2624.3268845970906,3801.537669880861,12138.428384688596,3238.0398033342844,4825.218751010731,792.0741378929049,2008.586318,2541.4748895797047,567.2347429562584,927.6889016913948,1248.7178861303491,146.28384922012435,86.67463548639513,4422.025886915314,20929.294834245848,892.0295167221392,6362.487527301927,202.5816718363637,40.18169551291562,719.6759996026775,568.9235011937823,74.10900522096249
,,,,,,,,130,495.4127416048144,3821.150961517898,4963.7184762005245,1958.3887860832515,210.5921941468102,265.94057334773424,2747.0463601233105,3993.527579731335,12777.721285668584,3392.5615945256286,5133.701558284019,842.7149956732203,2083.222410781276,2635.8800022623736,588.3151626466085,962.1646095642514,1292.8546385166385,151.4514045117157,89.73061967521213,4578.350174492717,22076.953273036183,932.7758996705368,6563.335893755225,208.97510344778385,41.44747287146016,745.5211632869585,589.3596697,73.70911370687483
,,,,,,,,131,513.5014038446792,4020.565678828455,5214.321308903747,2041.2382296868109,219.47909021081512,274.92226072508345,2839.1851841565112,4148.582994235449,13406.613546117307,3497.943514619896,5362.514372269157,880.2741398500466,2141.088688125143,2709.204286786432,604.6473007615327,988.8871130592396,1329.5869916575928,155.75131225603712,92.27781315,4708.449491974731,23197.175540116867,963.9321063372968,6748.186719471783,214.85680936242213,42.60998927,768.7241754143917,607.7013267107285,73.32501450925322
,,,,,,,,132,561.7583910102585,4434.004562446797,5752.544462,2244.895270650486,241.36109994163377,299.71028583793986,3097.4461239706484,4540.969996,14784.892244688206,3807.758434031889,5890.538441313331,966.9527265335372,2331.433452177187,2950.097157671803,658.4026708634891,1076.796524420458,1447.1416333001237,169.5221527188637,100.44083111321096,5124.741576,25687.42753965012,1051.608384148576,7358.764450760961,234.3026084528657,46.471965069763016,837.9490669052751,662.4247361188129,74.58478751768257
,,,,,,,,133,660.0054857873749,5211.389480293367,6761.435673310276,2647.750476078449,284.6546132364688,350.9627051951384,3629.302024090471,5320.302702807465,17389.44646596932,4453.532327718283,6903.217548276933,1133.1879133371494,2728.869760877652,3453.0507192264045,770.6377518474969,1260.364343551748,1693.0513324544474,198.3268881040821,117.50523518395204,5995.577737090656,30455.95826255072,1233.5299275842074,8634.956717547948,274.93876402967857,54.53308246,982.0016896684187,776.2986328387661,77.24531425259599
,,,,,,,,134,725.6242977385436,5704.819969715267,7420.795597469613,2914.4928406074337,313.3213547158321,385.2484108083005,3983.110857805638,5831.040630530009,19043.148755586302,4885.589206202947,7576.679055644019,1243.7379642523956,2983.9014853035133,3775.769008567413,842.6587217,1378.151417974033,1850.2690727555275,216.75191085027825,128.4265752041794,6552.346966121233,33729.12904219532,1355.119274954504,9480.698629093851,301.8607356200133,59.87043715402167,1073.9357268359129,848.9848627370716,79.838498624015
,,,,,,,,135,752.8454577321257,5896.327401596598,7690.065740299598,3019.4576274539577,324.5872977495175,399.4727119899829,4128.357754218655,6020.988631145837,19687.721576364343,5064.529728926171,7836.220497071999,1286.3455977767553,3073.1766992850694,3888.775701980546,867.8805211902298,1419.390474236303,1909.8117257557956,223.7235676299212,132.5534924,6763.249947383262,35243.59142288166,1404.8620513329545,9823.351399813668,312.76915743001666,62.03310287650101,1106.8320718467849,874.9825615198275,81.47369029372965
,,,,,,,,136,765.7195141597159,5956.269281,7754.970186337803,3059.0529506399203,328.8417957891997,406.5043476973775,4199.820714243469,6059.046632967052,19888.842312271077,5148.926260172073,7917.416998372914,1299.6660205741118,3105.750368836454,3930.1078207022897,877.0747136,1434.4265887088882,1939.224894,227.1651687434964,134.59228013999876,6867.392107446721,35896.01079777674,1427.6481886497315,9971.593261212382,317.49913700072284,62.96542689053849,1121.3602646330044,886.4771826,82.33493290830127
,,,,,,,,137,790.5885683753493,6026.086501829576,7939.986419747247,3115.656378534484,334.9436799525906,419.9552960301917,4334.979332038264,6149.960567918388,20145.050446959187,5325.441033450066,8111.113243367835,1331.4659841680775,3171.095009125215,4012.931005214076,895.5283701851137,1464.6087146350326,1995.964269542086,233.8081171055335,138.52479970354605,7068.363544067148,36710.44066156008,1469.2830946044814,10211.363801093152,325.1279037465957,64.47488986433882,1147.9503488692717,907.5050276116444,82.84567677987971
,,,,,,,,138,812.2984020994013,6088.054642830065,8210.204926364784,3154.4268446122496,339.1150274293769,431.1302431837364,4445.795471960065,6214.473828741052,20332.315670891057,5488.324862179254,8296.575256247084,1361.9085470166492,3227.6378787859667,4084.488064945667,911.4973408257084,1490.727303824764,2042.0037508360745,239.19994040410384,141.71839186035052,7231.431238416389,37276.22509605074,1507.1060996358392,10388.525475130811,330.7638241695065,65.58775102,1168.2583888508912,923.5535102459174,83.53396926888149
,,,,,,,,139,813.6913657852252,6087.298911740144,8426.537955,3154.798508,339.15732057333526,433.1339127206716,4460.303577940362,6266.102750566389,20284.754344673533,5524.748279354868,8431.113458,1383.9933684497844,3240.5767341225915,4100.545089743115,915.1428276990669,1496.705178044807,2040.190969039543,238.98271175131413,141.59262104209012,7225.087171,37540.66022643986,1511.915584460986,10359.31764236731,329.83695528300615,65.39837405170915,1165.9001297499378,921.6832508646972,83.83502486463371
,,,,,,,,140,780.2935615703017,5886.870705586419,8181.959408683405,3045.9780067529523,327.43014212426834,416.4329752056183,4281.852294083674,6118.349789,19709.636432015723,5332.619138572208,8191.918014051288,1344.7333083042636,3130.140507784111,3960.4577105470335,883.9502220451967,1445.6915635883922,1956.8607547648085,229.22956437026824,135.8082312320834,6930.021823153494,36523.61713279843,1452.0007959617433,9922.795016,315.9335107403194,62.642493400653215,1118.494208552696,884.1867512005845,84.01962801347295
,,,,,,,,141,743.3993060622633,5807.523734,7962.526602496778,2971.2051512089365,319.3729916518199,398.0186245343805,4090.032036591426,6019.556668738402,19462.139742259133,5108.221912093779,7996.6929761365345,1312.6863244239646,3038.5347336811537,3844.219121992545,858.0813580627072,1403.3869329107083,1875.0732509851755,219.6450499753964,130.13288389621667,6640.381214319933,35745.27049288895,1386.7934951601335,9553.843590064676,304.1942138851778,60.31838783242766,1078.341486263662,852.4345286534071,84.20508825705471
,,,,,,,,142,693.3880136975719,5681.073069906424,7688.778745426995,2868.472205794729,308.28097039220654,371.3631181255044,3817.280805193555,5869.924555050434,19096.453942189688,4778.268379636489,7694.491270755445,1263.0777305252918,2888.409821475468,3653.9892934543127,815.7012310092543,1334.053019820382,1758.8871065596304,206.0440054494541,122.0771413297129,6228.863160360696,34863.90469615224,1295.3391816369024,9112.954416080787,290.15659417003184,57.54020937261677,1018.4503712104256,805.0951445,83.98371483680326
,,,,,,,,143,662.4260714624053,5599.4633,7477.876781,2817.359252591049,302.7655131929459,355.37553027299685,3653.227038720418,5788.726889406069,18978.35267336828,4570.884472403451,7475.565664050112,1227.1380124507475,2803.138825213914,3545.9644705464298,791.6254413056992,1294.6566144133417,1691.6833024372438,198.18543647867097,117.42349316555264,5990.856113297841,34578.28324909427,1238.8533571177738,8955.879020270508,285.16171649337934,56.56927416216315,984.9780502056678,778.6033181389296,83.81405701755325
,,,,,,,,144,572.2028587699517,4913.203991469078,6376.716864986581,2479.260406037861,266.4347115016103,307.96742384301365,3165.7484183049182,5120.502462225407,16827.213466469228,3960.245811904962,6463.042176489388,1060.9313445226014,2463.530459563608,3116.3476638712464,695.7235336082224,1137.8005696596024,1478.5998008475228,173.23245118273084,102.64737896310396,5236.187829680097,30245.335884508822,1075.5149440127486,7989.692434379996,254.40344216063863,50.46028392572888,865.7642859449293,684.3790605008346,82.34559667891567
,,,,,,,,145,569.1508024737033,4893.971780702302,6105.178238398828,2481.7294061366897,266.73913350090504,306.5442219,3152.974974740792,5154.082062673048,16833.453056911265,3938.576952726976,6312.881027619796,1036.2774795123837,2485.977718339971,3144.9184895311905,702.0724033629933,1148.1587950365715,1491.3212235624403,174.7375204144449,103.54399776374515,5281.1850626069445,29677.26751,1075.109186,8175.293843400041,260.316396,51.640372798681646,877.6143203427137,693.7433168611542,82.44941963435801
,,,,,,,,146,481.4639221096089,4144.388883290619,4951.23188,2103.450470301041,226.11515976717453,258.7525173577136,2665.5674226312663,4374.349286558253,14207.997755684675,3325.222658,5232.622575232717,858.9434964471066,2130.1529047582653,2694.960766091487,601.5828488773144,983.8149337514716,1280.124564670105,149.99251004771995,88.88166566172161,4533.210312993613,24563.838969777127,912.8969787441242,7078.687196939038,225.4047223217907,44.731799967269616,756.2701918684105,597.8246386225677,80.24367590109077
,,,,,,,,147,460.7924415392287,3930.984535704192,4591.221004,2007.2374595985257,215.79902442798465,247.39972126879235,2552.2814135702665,4158.967764255687,13476.450952454728,3172.7244503995234,4911.642169922388,806.2614699255726,2054.831020752788,2599.814200563107,580.3223753515358,949.0270497622734,1237.1496475176557,144.9684916800767,85.90470132047604,4380.964018194065,23013.12419188482,876.7351788620321,6876.612264392708,218.9633136147774,43.46008749053735,732.9206601219281,579.3742049487465,78.76206473844
,,,,,,,,148,448.6001959039557,3773.397657186434,4342.529936926339,1938.8053813720112,208.4726570499029,241.24101953971208,2492.0572083670736,3991.125353673922,12912.60150500818,3081.1265152344963,4679.090518577683,768.0873299056445,2010.300223805844,2543.6040253191754,567.7431204688921,928.4569097839952,1214.8729628859644,142.356269288381,84.35638546812046,4302.044559193907,21908.410258277127,857.4024453106334,6741.031126476752,214.64946829225048,42.60177264255765,719.9958063759021,569.1646321011109,77.80101423868958
,,,,,,,,149,450.3148298555748,3688.818538,4190.234329021793,1911.4347739658424,205.5665305179882,243.9414019,2523.345697897435,3891.925292754072,12588.111048107752,3086.031245600512,4544.980324535782,746.0720436993898,2019.4860614005756,2555.414038500517,570.3351401996232,932.7035614213636,1230.5886202104025,144.18921038339624,85.44331153100086,4357.670306995428,21204.50333410352,866.1519509045955,6734.754594708291,214.4493430808081,42.54986159139781,727.3998706705502,575.0278247255495,77.08779527835775
,,,,,,,,150,473.6070512360017,3741.606292847107,4212.490503815057,1959.5181309896388,210.7884790266156,258.31655895964707,2675.301206119281,3921.962064216118,12696.457685996014,3233.2969188654693,4601.710124294231,755.3884067312318,2112.9130364211865,2673.874788699182,596.7132025240375,975.8591008171876,1302.1556472187854,152.56528815448686,90.40138233728398,4611.062364547841,21274.712738017035,915.8745727490004,6951.427432813036,221.3494872,43.92102733614643,766.4424817535137,605.8951342499515,76.8950736694795
,,,,,,,,151,471.0868990581976,3632.915442871135,4146.386144729461,1904.459239749972,204.87486951350024,255.4887486370913,2647.6015546360622,3770.7721744883743,12203.98797190094,3219.2879877912183,4543.5546644252345,745.8397659471959,2069.4280083480294,2618.9036939478547,584.4227527535533,955.7767098736948,1286.7778155635494,150.75467221140593,89.32257134,4556.659280202859,20559.62610091819,905.4642354928984,6702.1488222089065,213.4000718898204,42.32767406971677,751.7336983036857,594.2717117327734,75.981293480066
,,,,,,,,152,485.4540537898831,3717.4851244177344,4510.444061748067,1938.617811,208.5165741492032,261.4515760088367,2709.3573705410886,3879.1226437285686,12429.606151444988,3329.393766509584,4836.901566508489,793.9926546238579,2099.169365540295,2656.270395459492,592.8191849261559,969.5272094643068,1305.6295444691557,152.96000990400051,90.62889134860828,4623.488230502551,21308.61041417085,924.6325918,6704.574460170768,213.4802988245109,42.33133075588079,756.1566421561637,597.7671231515269,75.459756071002
,,,,,,,,153,508.9770296494279,3912.542135804381,4963.884479972053,2020.076889207793,217.24032632473077,273.4157932186563,2830.009237689645,4099.484247,13089.781102088938,3491.8220779686435,5203.396619293545,854.1531698388745,2166.0098318073838,2740.6636944052325,611.6919244803527,1000.3967786550638,1346.5864994785998,157.7488867898062,93.46778426862782,4768.603401780264,22569.634166720603,961.9425794218696,6861.149266,218.4590669891113,43.33094713,776.0808072245152,613.5130396167589,75.301124796343
,,,,,,,,154,558.3507423787034,4306.595888497594,5594.316947052288,2207.185525817499,237.3461521400015,299.7260750224565,3096.035377602529,4500.871498843075,14401.022756601387,3823.557865574393,5785.894942736638,949.7748118540432,2347.878207233364,2970.746273737083,663.0556306491035,1084.399489404441,1457.1008909967452,170.6920251374334,101.13013635349928,5159.990860382088,24881.64355549128,1051.2771923606615,7397.152234898045,235.5236237379861,46.71302391725982,840.2333247,664.2328334715668,75.73030687086388
,,,,,,,,155,592.1807396541327,4636.601847025943,6013.2662274763925,2353.999337909995,253.1079545382694,317.04619789668595,3274.208735907196,4784.2341377239845,15460.791862602666,4033.902852547089,6184.16562,1015.1508590470768,2469.149010121409,3124.312000729421,697.2921263972693,1140.4056496464596,1533.3079953807896,179.61572568899908,106.41673661488484,5429.884089713404,26751.47617198768,1111.6270051714314,7782.1524399760465,247.77744196090083,49.13874582,886.5090677037389,700.8140940724826,75.788873845925
,,,,,,,,156,631.4819083329191,4984.337942,6466.530474376051,2523.5239423277726,271.31800864491584,336.9092945947482,3481.890472175732,5104.579556531093,16619.942164783417,4280.364300511738,6621.651791154168,1086.9675696717215,2620.8029449891565,3316.2530595116486,740.1213434491883,1210.4448015532505,1626.7558702255174,190.56265863887683,112.9072012468731,5760.806855358865,28875.66260244009,1182.130396035176,8272.108957699784,263.3834414953928,52.23990537,941.9524199781272,744.6426135957789,77.308937286471
,,,,,,,,157,731.5446199319283,5776.260984,7494.319359974877,2934.744721684619,315.5088182388649,389.0041587699332,4022.688336694775,5896.979498594567,19274.318592364463,4936.2583860171135,7651.469217164296,1256.0161077823836,3024.6566658206416,3827.332848587775,854.1685083237179,1396.9774108458705,1876.5640895364288,219.82388192925245,130.2418305055554,6645.448759747588,33757.13216,1367.2343662003384,9570.914584946771,304.73985136153954,60.44401742608438,1088.4425482978866,860.4429819794899,80.269932300248
,,,,,,,,158,762.6144015,5995.634214813576,7799.085023106772,3063.064756949253,329.2935175,404.8871945664724,4186.1576469076335,6128.289218234309,20013.91013965274,5134.641576725565,7962.914942423328,1307.1399154260137,3136.0116417156137,3968.246145395787,885.6148818004631,1448.4053552370676,1944.5901217068763,227.8012592367596,134.97336856783198,6886.365541061443,35448.536710150016,1424.1991041263493,9963.995600682969,317.2486711587637,62.92244862451188,1128.68168,892.2635101382964,81.906553816996
,,,,,,,,159,783.5227553676683,6136.593699,8003.424124,3142.4958943173183,337.81373225810086,415.7506122643769,4296.582,6266.334682451364,20489.96603219624,5270.901547049836,8155.5344625843645,1338.7622077992712,3198.4039359274766,4047.2373469599743,903.2453212128604,1477.2284589010044,1987.6336241774848,232.83995984797792,137.95484393140384,7038.842008793119,36679.71371427748,1462.1080250490563,10223.637901612332,325.5140208480709,64.56085666800462,1151.9337810380616,910.6367588,82.9570789937675
,,,,,,,,160,806.7773117877009,6275.643796319056,8170.790849953934,3223.079039381426,346.47425735438844,428.30106690593846,4425.014647231393,6383.932059,20955.27988844836,5425.011130000097,8341.948042501117,1369.3539721933914,3272.2803680969005,4140.839777475823,924.103365,1511.3403874332682,2043.2059228762355,239.3457405506975,141.80910366099957,7235.620930358445,37820.75101888031,1504.1985302952153,10506.269014639818,334.52340642702944,66.34162627820642,1181.4874808812276,934.0099933893238,83.87948912630482
,,,,,,,,161,823.4341962558611,6276.445035626257,8269.859440622397,3245.0987890454094,348.85918026808326,437.4026712283985,4515.079479833771,6405.465547845905,20981.992514025373,5546.690696651956,8448.095863589413,1386.7827924308313,3302.8406614276705,4179.651400347403,932.7338051991658,1525.4570430270232,2078.888185,243.52186040651864,144.27992215950968,7362.024302620363,38235.604977782205,1530.3256238124086,10635.602993233855,338.63559986972183,67.15355020023634,1195.6428547977946,945.2080423,84.413669663425
,,,,,,,,162,836.4049964034766,6268.72995,8453.859326,3248.040826873472,349.178950203972,443.9249031729553,4577.733424225446,6398.900880444672,20935.71816912789,5651.201977928319,8542.792869501855,1402.325931486852,3323.424546226485,4205.703490787947,938.5478638203848,1534.96764486007,2102.604332914754,246.29868134213552,145.9241711271493,7446.038553476686,38382.47229936349,1551.8325144893215,10696.82593269577,340.5799081345998,67.53419988530821,1202.9288140906478,950.9618244,84.876849761694
,,,,,,,,163,807.3612403022755,6039.942668840414,8360.983563486046,3130.2557009944203,336.5188405697796,429.7643402590086,4425.604572239145,6217.355500235344,20126.94876163324,5481.768408435041,8365.523471058115,1373.2265690732136,3215.366613643646,4068.644831170851,908.0234588846192,1485.0615352750929,2024.3192695398952,237.12354177943965,140.49109889703058,7168.879485093702,37248.61203723876,1500.1536120821474,10278.727158860534,327.2709832158937,64.88960631551879,1156.8299903429863,914.5130007196974,85.099933449308
,,,,,,,,164,777.2356276220734,5863.800334810559,8149.894692695633,3034.040962,326.14695872178066,414.8009938658258,4265.071915343873,6094.372262660382,19632.39528929579,5311.720853747204,8159.814270755165,1339.4633614056866,3117.873634,3944.9368621380954,880.4860624959417,1440.0259660124395,1949.1919090525505,228.3312244359815,135.27600513002807,6902.863391969803,36380.482786645785,1446.3104727994064,9883.908047,314.6953820981561,62.39700040083142,1114.1108820975255,880.7216647046396,85.00933838690746
,,,,,,,,165,733.8437756746603,5732.874794717375,7860.177616841574,2933.013777,315.26782461464074,392.9025596812722,4037.459448625296,5942.182293757198,19211.97665198129,5042.5616817040245,7893.904821627006,1295.813273884187,2999.477916241717,3794.806172132019,847.0517237529368,1385.3480319141154,1850.971372919567,216.82176922652965,128.46017756416023,6555.026864428479,35285.80676239781,1368.9678834380493,9431.040081911247,300.2841523195979,59.54306536,1064.4806650923513,841.4774777447432,84.85302982088676
,,,,,,,,166,670.2420869789431,5491.433649608367,7432.120271554061,2772.7199773769094,297.99026935831483,358.96667724632385,3689.856477059762,5673.981099278013,18458.996826116185,4618.765406449465,7437.642107557028,1220.9150394877431,2791.992057192629,3532.0157854815666,788.4723771146581,1289.521109,1700.1738446189263,199.16606790693132,118.00209458615956,6020.938005321951,33700.115638249146,1252.0995738247416,8808.755654437919,280.47090140794774,55.619464503649326,984.4535653918608,778.2203315085786,84.58527683138249
,,,,,,,,167,611.5525516246278,5169.431301197474,6903.584902797852,2600.9894748882834,279.5134885441993,328.0831200432916,3372.6636275974965,5344.159676655009,17520.838178074548,4219.846082006699,6901.4512768112845,1132.8952996265332,2587.861159107353,3273.638694723405,730.8295663736532,1195.2285547491697,1561.7640740835293,182.96503503523465,108.40551113505838,5530.765621007449,31922.712983048477,1143.710920014881,8268.078360497826,263.26164210624984,52.22482243346815,909.3329291338332,718.8075264913355,84.3189650178646
,,,,,,,,168,597.6534841412065,5131.735080999522,6660.342557417073,2589.5337589663945,278.2852814950958,321.66529936154564,3306.555608935039,5348.253840746708,17575.659755077195,4136.390917,6750.507474279138,1108.1197948776212,2573.1041708026764,3254.9575916340486,726.6681518401057,1188.408034480481,1544.365445021823,180.93754064466307,107.21296256215666,5469.084699704804,31590.597798227915,1123.352048462203,8345.060580243637,265.71888143248464,52.70467289135128,904.2720322165272,714.8190955579482,84.25778950573951
