Resource,Zone,New_Build,Can_Retire,Existing_Cap_MW,region,technology,cluster,Cap_Size,minimum_load_mw,Heat_Rate_MMBTU_per_MWh,Fixed_OM_Cost_per_MWyr,Var_OM_Cost_per_MWh,Min_Power,num_units,heat_rate_mmbtu_mwh_iqr,heat_rate_mmbtu_mwh_std,fixed_o_m_mw_std,capacity_factor,unmodified_cap_size,Start_Fuel_MMBTU_per_MW,Fuel,Start_Cost_per_MW,Ramp_Up_Percentage,Ramp_Dn_Percentage,Up_Time,Down_Time,Reg_Max,Rsv_Max,gen_energy_source,gen_is_baseload,gen_scheduled_outage_rate,gen_forced_outage_rate,gen_type,Model
DE1_natural_gas_fired_combined_cycle_1,1,0,0,388.0,DE1,Natural Gas Fired Combined Cycle,1,194.0,97.5,8.59,15620,4.31,0.3,2.0,0.178,0.252,0.0,1.0,194.0,2.0,south_atlantic_naturalgas,88.0,0.64,0.64,6,6,0.106666667,0.213333333,Naturalgas,False,0.0,0.0,Naturalgas,1
DE1_natural_gas_fired_combined_cycle_2,1,0,0,1136.0,DE1,Natural Gas Fired Combined Cycle,2,568.0,285.0,9.3,11680,3.37,0.3,2.0,0.626,0.885,0.0,1.0,568.0,2.0,south_atlantic_naturalgas,88.0,0.64,0.64,6,6,0.106666667,0.213333333,Naturalgas,False,0.0,0.0,Naturalgas,1
DE1_natural_gas_fired_combustion_turbine_1,1,0,0,195.2,DE1,Natural Gas Fired Combustion Turbine,1,48.8,8.625,11.4,14960,0.0,0.3,4.0,2.439,2.49,1213.535,1.0,48.8,3.5,south_atlantic_naturalgas,62.0,3.78,3.78,1,1,0.106666667,0.213333333,Naturalgas,False,0.0,0.0,Naturalgas,1
DE1_natural_gas_steam_turbine_1,1,0,0,710.0,DE1,Natural Gas Steam Turbine,1,236.67,46.667,12.0,29550,1.0,0.5,3.0,0.0,0.0,0.0,1.0,236.667,13.7,south_atlantic_naturalgas,78.0,0.64,0.64,6,6,0.63,1.26,Naturalgas,False,0.0,0.0,Naturalgas,1
DE1_petroleum_liquids_1,1,0,0,102.0,DE1,Petroleum Liquids,1,20.4,16.5,23.73,0,0.0,0.18,5.0,5.086,7.112,0.0,1.0,20.4,0.0,south_atlantic_distillate,0.0,3.78,3.78,1,1,0.0,0.0,Diesel,False,0.0,0.0,Petroleum,1
IL1_natural_gas_fired_combined_cycle_1,2,0,0,4238.0,IL1,Natural Gas Fired Combined Cycle,1,423.8,95.0,7.3,11331,3.38,0.3,10.0,0.122,0.364,1951.296,1.0,423.8,2.0,east_north_central_naturalgas,88.0,0.64,0.64,6,6,0.106666667,0.213333333,Naturalgas,False,0.0,0.0,Naturalgas,1
IL1_natural_gas_fired_combined_cycle_2,2,0,0,195.0,IL1,Natural Gas Fired Combined Cycle,2,195.0,67.0,13.02,15620,4.31,0.3,1.0,0.0,0.0,0.0,1.0,195.0,2.0,east_north_central_naturalgas,88.0,0.64,0.64,6,6,0.106666667,0.213333333,Naturalgas,False,0.0,0.0,Naturalgas,1
IL1_natural_gas_fired_combustion_turbine_1,2,0,0,6531.7,IL1,Natural Gas Fired Combustion Turbine,1,96.05,47.997,12.67,10994,0.0,0.3,68.0,2.753,4.563,1572.355,1.0,96.054,3.5,east_north_central_naturalgas,62.0,3.78,3.78,1,1,0.106666667,0.213333333,Naturalgas,False,0.0,0.0,Naturalgas,1
IL1_natural_gas_steam_turbine_1,2,0,0,28.2,IL1,Natural Gas Steam Turbine,1,28.2,7.5,18.39,48590,1.0,0.5,1.0,2.295,4.59,0.0,1.0,28.2,13.7,east_north_central_naturalgas,78.0,0.64,0.64,6,6,0.63,1.26,Naturalgas,False,0.0,0.0,Naturalgas,1
IL1_nuclear_1,2,0,0,9014.7,IL1,Nuclear,1,1126.84,396.612,10.34,177000,0.0,0.5,8.0,0.0,0.0,0.0,1.0,1126.838,0.0,east_north_central_uranium,0.0,0.25,0.25,24,24,0.041666667,0.083333333,Uranium,True,0.0,0.0,Nuclear,1
IL1_petroleum_liquids_1,2,0,0,441.7,IL1,Petroleum Liquids,1,10.52,3.212,11.35,0,0.0,0.18,42.0,1.312,2.448,0.0,1.0,10.517,0.0,east_north_central_distillate,0.0,3.78,3.78,1,1,0.0,0.0,Diesel,False,0.0,0.0,Petroleum,1
KY3_conventional_steam_coal_1,3,0,0,6728.0,KY3,Conventional Steam Coal,1,448.53,210.933,10.68,57309,1.78,0.5,15.0,0.875,1.037,4961.988,1.0,448.533,16.5,east_south_central_coal,110.0,0.57,0.57,24,24,0.095,0.19,Coal,True,0.0,0.0,Coal,1
KY3_natural_gas_fired_combined_cycle_1,3,0,0,683.0,KY3,Natural Gas Fired Combined Cycle,1,683.0,228.0,6.8,9270,3.42,0.3,1.0,0.0,0.0,0.0,1.0,683.0,2.0,east_south_central_naturalgas,88.0,0.64,0.64,6,6,0.106666667,0.213333333,Naturalgas,False,0.0,0.0,Naturalgas,1
KY3_natural_gas_fired_combustion_turbine_1,3,0,0,3865.0,KY3,Natural Gas Fired Combustion Turbine,1,133.28,64.69,12.26,11056,0.0,0.3,29.0,1.331,1.288,1092.718,1.0,133.276,3.5,east_south_central_naturalgas,62.0,3.78,3.78,1,1,0.106666667,0.213333333,Naturalgas,False,0.0,0.0,Naturalgas,1
KY3_petroleum_liquids_1,3,0,0,10.8,KY3,Petroleum Liquids,1,1.8,0.2,11.97,0,0.0,0.18,6.0,0.0,0.0,0.0,1.0,1.8,0.0,east_south_central_distillate,0.0,3.78,3.78,1,1,0.0,0.0,Diesel,False,0.0,0.0,Petroleum,1
KY4_natural_gas_fired_combustion_turbine_1,4,0,0,950.0,KY4,Natural Gas Fired Combustion Turbine,1,190.0,120.0,12.94,10940,0.0,0.3,5.0,0.0,0.0,0.0,1.0,190.0,3.5,east_south_central_naturalgas,62.0,3.78,3.78,1,1,0.106666667,0.213333333,Naturalgas,False,0.0,0.0,Naturalgas,1
KY4_natural_gas_steam_turbine_1,4,0,0,260.0,KY4,Natural Gas Steam Turbine,1,260.0,100.0,10.82,48590,1.0,0.5,1.0,0.0,0.0,0.0,1.0,260.0,13.7,east_south_central_naturalgas,78.0,0.64,0.64,6,6,0.63,1.26,Naturalgas,False,0.0,0.0,Naturalgas,1
MD2_natural_gas_fired_combined_cycle_1,6,0,0,0.0,MD2,Natural Gas Fired Combined Cycle,1,1.0,0.0,6.41,15620,4.31,0.3,0.0,0.0,0.0,0.0,1.0,0.0,2.0,south_atlantic_naturalgas,88.0,0.64,0.64,6,6,0.106666667,0.213333333,Naturalgas,False,0.0,0.0,Naturalgas,1
MD2_natural_gas_fired_combined_cycle_2,6,0,0,2916.6,MD2,Natural Gas Fired Combined Cycle,2,729.15,145.5,7.29,10797,3.49,0.3,4.0,0.407,0.712,2997.01,1.0,729.15,2.0,south_atlantic_naturalgas,88.0,0.64,0.64,6,6,0.106666667,0.213333333,Naturalgas,False,0.0,0.0,Naturalgas,1
MD2_natural_gas_fired_combustion_turbine_1,6,0,0,1836.3,MD2,Natural Gas Fired Combustion Turbine,1,122.42,59.2,12.22,11430,0.0,0.3,15.0,2.338,2.0,1941.272,1.0,122.42,3.5,south_atlantic_naturalgas,62.0,3.78,3.78,1,1,0.106666667,0.213333333,Naturalgas,False,0.0,0.0,Naturalgas,1
MD2_natural_gas_steam_turbine_1,6,0,0,1217.3,MD2,Natural Gas Steam Turbine,1,405.77,388.667,16.99,25427,1.0,0.5,3.0,4.42,3.689,13429.167,1.0,405.767,13.7,south_atlantic_naturalgas,78.0,0.64,0.64,6,6,0.63,1.26,Naturalgas,False,0.0,0.0,Naturalgas,1
MD2_nuclear_1,6,0,0,1815.7,MD2,Nuclear,1,907.85,50.0,10.34,177000,0.0,0.5,2.0,0.0,0.0,0.0,1.0,907.85,0.0,south_atlantic_uranium,0.0,0.25,0.25,24,24,0.041666667,0.083333333,Uranium,True,0.0,0.0,Nuclear,1
MD2_petroleum_liquids_1,6,0,0,613.8,MD2,Petroleum Liquids,1,16.59,4.086,12.57,0,0.0,0.18,37.0,0.563,3.134,0.0,1.0,16.589,0.0,south_atlantic_distillate,0.0,3.78,3.78,1,1,0.0,0.0,Diesel,False,0.0,0.0,Petroleum,1
MI_natural_gas_fired_combined_cycle_1,7,0,0,2278.0,MI,Natural Gas Fired Combined Cycle,1,379.67,106.667,7.23,11680,3.37,0.3,6.0,0.037,0.033,0.0,1.0,379.667,2.0,east_north_central_naturalgas,88.0,0.64,0.64,6,6,0.106666667,0.213333333,Naturalgas,False,0.0,0.0,Naturalgas,1
MI_natural_gas_fired_combined_cycle_2,7,0,0,0.0,MI,Natural Gas Fired Combined Cycle,2,1.0,0.0,6.41,15620,4.31,0.3,0.0,0.0,0.0,0.0,1.0,0.0,2.0,east_north_central_naturalgas,88.0,0.64,0.64,6,6,0.106666667,0.213333333,Naturalgas,False,0.0,0.0,Naturalgas,1
MI_natural_gas_fired_combustion_turbine_1,7,0,0,76.0,MI,Natural Gas Fired Combustion Turbine,1,76.0,55.0,12.24,14960,0.0,0.3,1.0,0.0,0.0,0.0,1.0,76.0,3.5,east_north_central_naturalgas,62.0,3.78,3.78,1,1,0.106666667,0.213333333,Naturalgas,False,0.0,0.0,Naturalgas,1
MI_nuclear_1,7,0,0,2278.0,MI,Nuclear,1,1139.0,1029.5,10.34,177000,0.0,0.5,2.0,0.565,0.652,79674.337,1.0,1139.0,0.0,east_north_central_uranium,0.0,0.25,0.25,24,24,0.041666667,0.083333333,Uranium,True,0.0,0.0,Nuclear,1
NJ1_natural_gas_fired_combined_cycle_1,8,0,0,7186.2,NJ1,Natural Gas Fired Combined Cycle,1,798.47,421.0,9.43,10123,3.4,0.3,9.0,2.23,4.554,1205.0,1.0,798.467,2.0,middle_atlantic_naturalgas,88.0,0.64,0.64,6,6,0.106666667,0.213333333,Naturalgas,False,0.0,0.0,Naturalgas,1
NJ1_natural_gas_fired_combined_cycle_2,8,0,0,1366.5,NJ1,Natural Gas Fired Combined Cycle,2,227.75,159.517,9.35,15620,4.31,0.3,6.0,1.734,1.82,0.0,1.0,227.75,2.0,middle_atlantic_naturalgas,88.0,0.64,0.64,6,6,0.106666667,0.213333333,Naturalgas,False,0.0,0.0,Naturalgas,1
NJ1_natural_gas_fired_combustion_turbine_1,8,0,0,2935.5,NJ1,Natural Gas Fired Combustion Turbine,1,65.23,45.631,11.72,11849,0.0,0.3,45.0,1.742,1.687,1806.42,1.0,65.233,3.5,middle_atlantic_naturalgas,62.0,3.78,3.78,1,1,0.106666667,0.213333333,Naturalgas,False,0.0,0.0,Naturalgas,1
NJ1_natural_gas_steam_turbine_1,8,0,0,0.0,NJ1,Natural Gas Steam Turbine,1,1.0,0.0,9.21,48590,1.0,0.5,0.0,0.0,0.0,0.0,1.0,0.0,13.7,middle_atlantic_naturalgas,78.0,0.64,0.64,6,6,0.63,1.26,Naturalgas,False,0.0,0.0,Naturalgas,1
NJ1_nuclear_1,8,0,0,3456.7,NJ1,Nuclear,1,1152.23,1152.23,10.34,202428,0.0,0.5,3.0,0.0,0.0,43301.27,1.0,1152.233,0.0,middle_atlantic_uranium,0.0,0.25,0.25,24,24,0.041666667,0.083333333,Uranium,True,0.0,0.0,Nuclear,1
NJ1_petroleum_liquids_1,8,0,0,47.1,NJ1,Petroleum Liquids,1,11.78,10.125,11.21,0,0.0,0.18,4.0,0.0,1.054,0.0,1.0,11.775,0.0,middle_atlantic_distillate,0.0,3.78,3.78,1,1,0.0,0.0,Diesel,False,0.0,0.0,Petroleum,1
OH1_conventional_steam_coal_1,9,0,0,47.0,OH1,Conventional Steam Coal,1,47.0,16.5,19.33,71360,1.78,0.5,1.0,0.0,0.0,0.0,1.0,47.0,16.5,east_north_central_coal,110.0,0.57,0.57,24,24,0.095,0.19,Coal,True,0.0,0.0,Coal,1
OH1_natural_gas_fired_combined_cycle_1,9,0,0,3798.9,OH1,Natural Gas Fired Combined Cycle,1,759.78,330.2,6.99,10037,3.4,0.3,5.0,0.835,0.411,1115.613,1.0,759.78,2.0,east_north_central_naturalgas,88.0,0.64,0.64,6,6,0.106666667,0.213333333,Naturalgas,False,0.0,0.0,Naturalgas,1
OH1_natural_gas_fired_combined_cycle_2,9,0,0,28.6,OH1,Natural Gas Fired Combined Cycle,2,28.6,8.4,18.78,15620,4.31,0.3,1.0,0.0,0.0,0.0,1.0,28.6,2.0,east_north_central_naturalgas,88.0,0.64,0.64,6,6,0.106666667,0.213333333,Naturalgas,False,0.0,0.0,Naturalgas,1
OH1_natural_gas_fired_combustion_turbine_1,9,0,0,1338.1,OH1,Natural Gas Fired Combustion Turbine,1,95.58,51.929,10.49,11293,0.0,0.3,14.0,2.423,2.164,2059.637,1.0,95.579,3.5,east_north_central_naturalgas,62.0,3.78,3.78,1,1,0.106666667,0.213333333,Naturalgas,False,0.0,0.0,Naturalgas,1
OH1_natural_gas_steam_turbine_1,9,0,0,0.0,OH1,Natural Gas Steam Turbine,1,1.0,0.0,9.21,48590,1.0,0.5,0.0,0.0,0.0,0.0,1.0,0.0,13.7,east_north_central_naturalgas,78.0,0.64,0.64,6,6,0.63,1.26,Naturalgas,False,0.0,0.0,Naturalgas,1
OH1_nuclear_1,9,0,0,2176.0,OH1,Nuclear,1,1088.0,121.5,10.34,252000,0.0,0.5,2.0,0.0,0.0,0.0,1.0,1088.0,0.0,east_north_central_uranium,0.0,0.25,0.25,24,24,0.041666667,0.083333333,Uranium,True,0.0,0.0,Nuclear,1
OH1_petroleum_liquids_1,9,0,0,196.2,OH1,Petroleum Liquids,1,6.54,2.573,11.47,0,0.0,0.18,30.0,1.634,1.106,0.0,1.0,6.54,0.0,east_north_central_distillate,0.0,3.78,3.78,1,1,0.0,0.0,Diesel,False,0.0,0.0,Petroleum,1
OH2_conventional_steam_coal_1,10,0,0,5557.9,OH2,Conventional Steam Coal,1,463.16,204.167,10.16,61272,1.78,0.5,12.0,1.037,3.606,5085.834,1.0,463.158,16.5,east_north_central_coal,110.0,0.57,0.57,24,24,0.095,0.19,Coal,True,0.0,0.0,Coal,1
OH2_natural_gas_fired_combined_cycle_1,10,0,0,2360.0,OH2,Natural Gas Fired Combined Cycle,1,590.0,47.5,7.24,12489,3.56,0.3,4.0,0.0,0.0,1970.0,1.0,590.0,2.0,east_north_central_naturalgas,88.0,0.64,0.64,6,6,0.106666667,0.213333333,Naturalgas,False,0.0,0.0,Naturalgas,1
OH2_natural_gas_fired_combined_cycle_2,10,0,0,4457.4,OH2,Natural Gas Fired Combined Cycle,2,742.9,288.167,6.96,10041,3.4,0.3,6.0,0.063,0.11,1244.519,1.0,742.9,2.0,east_north_central_naturalgas,88.0,0.64,0.64,6,6,0.106666667,0.213333333,Naturalgas,False,0.0,0.0,Naturalgas,1
OH2_natural_gas_fired_combustion_turbine_1,10,0,0,2908.6,OH2,Natural Gas Fired Combustion Turbine,1,90.89,46.422,11.84,11310,0.0,0.3,32.0,2.428,2.802,1887.878,1.0,90.894,3.5,east_north_central_naturalgas,62.0,3.78,3.78,1,1,0.106666667,0.213333333,Naturalgas,False,0.0,0.0,Naturalgas,1
OH2_natural_gas_steam_turbine_1,10,0,0,23.0,OH2,Natural Gas Steam Turbine,1,23.0,7.0,21.66,48590,1.0,0.5,1.0,0.0,3.936,0.0,1.0,23.0,13.7,east_north_central_naturalgas,78.0,0.64,0.64,6,6,0.63,1.26,Naturalgas,False,0.0,0.0,Naturalgas,1
OH2_petroleum_liquids_1,10,0,0,145.5,OH2,Petroleum Liquids,1,2.47,1.515,12.66,0,0.0,0.18,59.0,0.504,3.09,0.0,1.0,2.466,0.0,east_north_central_distillate,0.0,3.78,3.78,1,1,0.0,0.0,Diesel,False,0.0,0.0,Petroleum,1
OH3_natural_gas_fired_combustion_turbine_1,11,0,0,921.0,OH3,Natural Gas Fired Combustion Turbine,1,61.4,27.7,12.9,11325,0.0,0.3,15.0,2.713,3.087,1171.967,1.0,61.4,3.5,east_north_central_naturalgas,62.0,3.78,3.78,1,1,0.106666667,0.213333333,Naturalgas,False,0.0,0.0,Naturalgas,1
OH3_petroleum_liquids_1,11,0,0,60.5,OH3,Petroleum Liquids,1,5.5,4.455,21.88,0,0.0,0.18,11.0,0.105,7.582,0.0,1.0,5.5,0.0,east_north_central_distillate,0.0,3.78,3.78,1,1,0.0,0.0,Diesel,False,0.0,0.0,Petroleum,1
OH4_conventional_steam_coal_1,12,0,0,1020.0,OH4,Conventional Steam Coal,1,510.0,200.0,10.35,56967,1.78,0.5,2.0,0.189,0.267,267.286,1.0,510.0,16.5,east_north_central_coal,110.0,0.57,0.57,24,24,0.095,0.19,Coal,True,0.0,0.0,Coal,1
OH4_natural_gas_fired_combined_cycle_1,12,0,0,0.0,OH4,Natural Gas Fired Combined Cycle,1,1.0,0.0,6.41,15620,4.31,0.3,0.0,0.0,0.0,0.0,1.0,0.0,2.0,east_north_central_naturalgas,88.0,0.64,0.64,6,6,0.106666667,0.213333333,Naturalgas,False,0.0,0.0,Naturalgas,1
OH4_natural_gas_fired_combined_cycle_2,12,0,0,504.9,OH4,Natural Gas Fired Combined Cycle,2,504.9,111.8,6.72,9270,3.42,0.3,1.0,0.0,0.0,0.0,1.0,504.9,2.0,east_north_central_naturalgas,88.0,0.64,0.64,6,6,0.106666667,0.213333333,Naturalgas,False,0.0,0.0,Naturalgas,1
OH4_natural_gas_fired_combustion_turbine_1,12,0,0,1488.3,OH4,Natural Gas Fired Combustion Turbine,1,74.42,23.6,15.55,11262,0.0,0.3,20.0,5.098,5.465,1310.735,1.0,74.415,3.5,east_north_central_naturalgas,62.0,3.78,3.78,1,1,0.106666667,0.213333333,Naturalgas,False,0.0,0.0,Naturalgas,1
OH4_petroleum_liquids_1,12,0,0,80.0,OH4,Petroleum Liquids,1,20.0,3.0,29.87,0,0.0,0.18,4.0,20.663,11.045,0.0,1.0,20.0,0.0,east_north_central_distillate,0.0,3.78,3.78,1,1,0.0,0.0,Diesel,False,0.0,0.0,Petroleum,1
PA1_conventional_steam_coal_1,13,0,0,1700.0,PA1,Conventional Steam Coal,1,850.0,350.0,10.33,58101,1.78,0.5,2.0,0.183,0.258,89.095,1.0,850.0,16.5,middle_atlantic_coal,110.0,0.57,0.57,24,24,0.095,0.19,Coal,True,0.0,0.0,Coal,1
PA1_natural_gas_fired_combined_cycle_1,13,0,0,269.4,PA1,Natural Gas Fired Combined Cycle,1,269.4,122.0,13.48,15620,4.31,0.3,1.0,0.0,0.0,0.0,1.0,269.4,2.0,middle_atlantic_naturalgas,88.0,0.64,0.64,6,6,0.106666667,0.213333333,Naturalgas,False,0.0,0.0,Naturalgas,1
PA1_natural_gas_fired_combined_cycle_2,13,0,0,2912.4,PA1,Natural Gas Fired Combined Cycle,2,728.1,330.75,6.79,10123,3.4,0.3,4.0,0.342,0.236,3117.78,1.0,728.1,2.0,middle_atlantic_naturalgas,88.0,0.64,0.64,6,6,0.106666667,0.213333333,Naturalgas,False,0.0,0.0,Naturalgas,1
PA1_natural_gas_fired_combustion_turbine_1,13,0,0,1011.3,PA1,Natural Gas Fired Combustion Turbine,1,112.37,46.333,10.59,11661,0.0,0.3,9.0,0.134,0.365,2118.726,1.0,112.367,3.5,middle_atlantic_naturalgas,62.0,3.78,3.78,1,1,0.106666667,0.213333333,Naturalgas,False,0.0,0.0,Naturalgas,1
PA1_nuclear_1,13,0,0,1872.0,PA1,Nuclear,1,936.0,93.5,10.34,177000,0.0,0.5,2.0,0.0,0.0,0.0,1.0,936.0,0.0,middle_atlantic_uranium,0.0,0.25,0.25,24,24,0.041666667,0.083333333,Uranium,True,0.0,0.0,Nuclear,1
PA1_petroleum_liquids_1,13,0,0,26.2,PA1,Petroleum Liquids,1,5.24,5.24,11.24,0,0.0,0.18,5.0,1.131,1.017,0.0,1.0,5.24,0.0,middle_atlantic_distillate,0.0,3.78,3.78,1,1,0.0,0.0,Diesel,False,0.0,0.0,Petroleum,1
PA2_natural_gas_fired_combustion_turbine_1,14,0,0,0.0,PA2,Natural Gas Fired Combustion Turbine,1,1.0,0.0,9.66,14960,0.0,0.3,0.0,0.0,0.0,0.0,1.0,0.0,3.5,middle_atlantic_naturalgas,62.0,3.78,3.78,1,1,0.106666667,0.213333333,Naturalgas,False,0.0,0.0,Naturalgas,1
PA2_natural_gas_steam_turbine_1,14,0,0,0.0,PA2,Natural Gas Steam Turbine,1,1.0,0.0,9.21,48590,1.0,0.5,0.0,0.0,0.0,0.0,1.0,0.0,13.7,middle_atlantic_naturalgas,78.0,0.64,0.64,6,6,0.63,1.26,Naturalgas,False,0.0,0.0,Naturalgas,1
PA3_natural_gas_fired_combustion_turbine_1,15,0,0,88.0,PA3,Natural Gas Fired Combustion Turbine,1,44.0,4.0,10.2,14960,0.0,0.3,2.0,0.0,0.0,0.0,1.0,44.0,3.5,middle_atlantic_naturalgas,62.0,3.78,3.78,1,1,0.106666667,0.213333333,Naturalgas,False,0.0,0.0,Naturalgas,1
PA4_conventional_steam_coal_1,16,0,0,5809.9,PA4,Conventional Steam Coal,1,341.76,146.588,11.0,59410,1.78,0.5,17.0,3.524,2.65,6410.605,1.0,341.759,16.5,middle_atlantic_coal,110.0,0.57,0.57,24,24,0.095,0.19,Coal,True,0.0,0.0,Coal,1
PA4_natural_gas_fired_combined_cycle_1,16,0,0,6261.0,PA4,Natural Gas Fired Combined Cycle,1,695.67,344.889,6.53,11985,3.44,0.3,9.0,0.043,0.107,2034.607,1.0,695.667,2.0,middle_atlantic_naturalgas,88.0,0.64,0.64,6,6,0.106666667,0.213333333,Naturalgas,False,0.0,0.0,Naturalgas,1
PA4_natural_gas_fired_combined_cycle_2,16,0,0,10068.2,PA4,Natural Gas Fired Combined Cycle,2,592.25,273.565,7.21,10283,3.41,0.3,17.0,0.805,0.586,1762.406,1.0,592.247,2.0,middle_atlantic_naturalgas,88.0,0.64,0.64,6,6,0.106666667,0.213333333,Naturalgas,False,0.0,0.0,Naturalgas,1
PA4_natural_gas_fired_combustion_turbine_1,16,0,0,775.0,PA4,Natural Gas Fired Combustion Turbine,1,45.59,18.882,17.18,13306,0.0,0.3,17.0,10.154,6.182,1200.272,1.0,45.588,3.5,middle_atlantic_naturalgas,62.0,3.78,3.78,1,1,0.106666667,0.213333333,Naturalgas,False,0.0,0.0,Naturalgas,1
PA4_natural_gas_steam_turbine_1,16,0,0,2666.3,PA4,Natural Gas Steam Turbine,1,266.63,59.5,13.73,29548,1.0,0.5,10.0,5.456,3.775,10449.822,1.0,266.63,13.7,middle_atlantic_naturalgas,78.0,0.64,0.64,6,6,0.63,1.26,Naturalgas,False,0.0,0.0,Naturalgas,1
PA4_nuclear_1,16,0,0,7557.0,PA4,Nuclear,1,1259.5,113.85,10.34,177000,0.0,0.5,6.0,0.0,0.427,52159.097,1.0,1259.5,0.0,middle_atlantic_uranium,0.0,0.25,0.25,24,24,0.041666667,0.083333333,Uranium,True,0.0,0.0,Nuclear,1
PA4_petroleum_liquids_1,16,0,0,1543.1,PA4,Petroleum Liquids,1,20.85,7.196,17.36,0,0.0,0.18,74.0,5.753,6.708,0.0,1.0,20.853,0.0,middle_atlantic_distillate,0.0,3.78,3.78,1,1,0.0,0.0,Diesel,False,0.0,0.0,Petroleum,1
VA1_conventional_steam_coal_1,17,0,0,624.0,VA1,Conventional Steam Coal,1,624.0,295.0,14.5,57994,1.78,0.5,1.0,0.0,0.0,0.0,1.0,624.0,16.5,south_atlantic_coal,110.0,0.57,0.57,24,24,0.095,0.19,Coal,True,0.0,0.0,Coal,1
VA1_natural_gas_fired_combustion_turbine_1,17,0,0,371.0,VA1,Natural Gas Fired Combustion Turbine,1,53.0,19.0,11.04,13154,0.0,0.3,7.0,0.509,0.497,1146.683,1.0,53.0,3.5,south_atlantic_naturalgas,62.0,3.78,3.78,1,1,0.106666667,0.213333333,Naturalgas,False,0.0,0.0,Naturalgas,1
VA1_natural_gas_steam_turbine_1,17,0,0,470.0,VA1,Natural Gas Steam Turbine,1,235.0,60.0,12.19,48590,1.0,0.5,2.0,0.0,1.256,0.0,1.0,235.0,13.7,south_atlantic_naturalgas,78.0,0.64,0.64,6,6,0.63,1.26,Naturalgas,False,0.0,0.0,Naturalgas,1
VA1_petroleum_liquids_1,17,0,0,9.5,VA1,Petroleum Liquids,1,1.58,0.65,9.49,0,0.0,0.18,6.0,0.29,0.333,0.0,1.0,1.583,0.0,south_atlantic_distillate,0.0,3.78,3.78,1,1,0.0,0.0,Diesel,False,0.0,0.0,Petroleum,1
VA2_conventional_steam_coal_1,18,0,0,881.0,VA2,Conventional Steam Coal,1,440.5,130.0,11.99,60073,1.78,0.5,2.0,2.451,1.685,1076.256,1.0,440.5,16.5,south_atlantic_coal,110.0,0.57,0.57,24,24,0.095,0.19,Coal,True,0.0,0.0,Coal,1
VA2_natural_gas_fired_combined_cycle_1,18,0,0,6969.3,VA2,Natural Gas Fired Combined Cycle,1,871.16,298.825,7.06,10714,3.39,0.3,8.0,0.5,0.74,1247.293,1.0,871.162,2.0,south_atlantic_naturalgas,88.0,0.64,0.64,6,6,0.106666667,0.213333333,Naturalgas,False,0.0,0.0,Naturalgas,1
VA2_natural_gas_fired_combined_cycle_2,18,0,0,1033.0,VA2,Natural Gas Fired Combined Cycle,2,206.6,110.2,8.08,15620,4.31,0.3,5.0,0.743,0.666,0.0,1.0,206.6,2.0,south_atlantic_naturalgas,88.0,0.64,0.64,6,6,0.106666667,0.213333333,Naturalgas,False,0.0,0.0,Naturalgas,1
VA2_natural_gas_fired_combustion_turbine_1,18,0,0,4501.0,VA2,Natural Gas Fired Combustion Turbine,1,145.19,70.5,11.08,10940,0.0,0.3,31.0,1.314,0.997,710.642,1.0,145.194,3.5,south_atlantic_naturalgas,62.0,3.78,3.78,1,1,0.106666667,0.213333333,Naturalgas,False,0.0,0.0,Naturalgas,1
VA2_natural_gas_steam_turbine_1,18,0,0,55.0,VA2,Natural Gas Steam Turbine,1,27.5,5.0,11.66,48590,1.0,0.5,2.0,1.227,1.197,0.0,1.0,27.5,13.7,south_atlantic_naturalgas,78.0,0.64,0.64,6,6,0.63,1.26,Naturalgas,False,0.0,0.0,Naturalgas,1
VA2_nuclear_1,18,0,0,3708.0,VA2,Nuclear,1,927.0,187.0,10.34,177000,0.0,0.5,4.0,0.0,0.0,0.0,1.0,927.0,0.0,south_atlantic_uranium,0.0,0.25,0.25,24,24,0.041666667,0.083333333,Uranium,True,0.0,0.0,Nuclear,1
VA2_petroleum_liquids_1,18,0,0,440.1,VA2,Petroleum Liquids,1,6.03,1.007,15.64,0,0.0,0.18,73.0,5.12,3.145,0.0,1.0,6.029,0.0,south_atlantic_distillate,0.0,3.78,3.78,1,1,0.0,0.0,Diesel,False,0.0,0.0,Petroleum,1
VA3_natural_gas_fired_combined_cycle_1,19,0,0,1472.2,VA3,Natural Gas Fired Combined Cycle,1,1472.2,579.0,6.84,11680,3.37,0.3,1.0,0.0,0.0,0.0,1.0,1472.2,2.0,south_atlantic_naturalgas,88.0,0.64,0.64,6,6,0.106666667,0.213333333,Naturalgas,False,0.0,0.0,Naturalgas,1
VA3_natural_gas_fired_combustion_turbine_1,19,0,0,0.0,VA3,Natural Gas Fired Combustion Turbine,1,1.0,0.0,9.66,14960,0.0,0.3,1.0,0.0,0.0,0.0,1.0,0.0,3.5,south_atlantic_naturalgas,62.0,3.78,3.78,1,1,0.106666667,0.213333333,Naturalgas,False,0.0,0.0,Naturalgas,1
VA4_petroleum_liquids_1,20,0,0,400.0,VA4,Petroleum Liquids,1,18.18,12.968,10.92,0,0.0,0.18,22.0,0.308,1.885,0.0,1.0,18.182,0.0,south_atlantic_distillate,0.0,3.78,3.78,1,1,0.0,0.0,Diesel,False,0.0,0.0,Petroleum,1
WV1_conventional_steam_coal_1,21,0,0,8408.0,WV1,Conventional Steam Coal,1,600.57,291.929,10.3,57733,1.78,0.5,14.0,0.663,1.068,3520.88,1.0,600.571,16.5,south_atlantic_coal,110.0,0.57,0.57,24,24,0.095,0.19,Coal,True,0.0,0.0,Coal,1
WV1_natural_gas_fired_combustion_turbine_1,21,0,0,339.5,WV1,Natural Gas Fired Combustion Turbine,1,169.75,105.0,10.38,10940,0.0,0.3,2.0,0.0,0.0,0.0,1.0,169.75,3.5,south_atlantic_naturalgas,62.0,3.78,3.78,1,1,0.106666667,0.213333333,Naturalgas,False,0.0,0.0,Naturalgas,1
WV1_petroleum_liquids_1,21,0,0,15.0,WV1,Petroleum Liquids,1,15.0,5.0,11.17,0,0.0,0.18,1.0,0.0,0.0,0.0,1.0,15.0,0.0,south_atlantic_distillate,0.0,3.78,3.78,1,1,0.0,0.0,Diesel,False,0.0,0.0,Petroleum,1
WV2_conventional_steam_coal_1,22,0,0,4198.0,WV2,Conventional Steam Coal,1,1049.5,425.0,9.7,60487,1.78,0.5,4.0,0.349,0.215,2880.838,1.0,1049.5,16.5,south_atlantic_coal,110.0,0.57,0.57,24,24,0.095,0.19,Coal,True,0.0,0.0,Coal,1
WV2_natural_gas_fired_combustion_turbine_1,22,0,0,858.0,WV2,Natural Gas Fired Combustion Turbine,1,71.5,44.5,11.97,10940,0.0,0.3,12.0,0.621,0.324,0.0,1.0,71.5,3.5,south_atlantic_naturalgas,62.0,3.78,3.78,1,1,0.106666667,0.213333333,Naturalgas,False,0.0,0.0,Naturalgas,1
