Voll,Demand_Segment,Cost_of_Demand_Curtailment_per_MW,Max_Demand_Curtailment,$/MWh,Rep_Periods,Timesteps_per_Rep_Period,Sub_Weights,Time_Index,Demand_MW_z1,Demand_MW_z2,Demand_MW_z3,Demand_MW_z4,Demand_MW_z5,Demand_MW_z6,Demand_MW_z7,Demand_MW_z8,Demand_MW_z9,Demand_MW_z10,Demand_MW_z11,Demand_MW_z12,Demand_MW_z13,Demand_MW_z14,Demand_MW_z15,Demand_MW_z16,Demand_MW_z17,Demand_MW_z18,Demand_MW_z19,Demand_MW_z20,Demand_MW_z21,Demand_MW_z22,thi
2000.0,1.0,1.0,1.0,2000.0,1.0,168.0,168.0,1,1794.9862955651004,15189.619659932834,8095.807299956046,884.3219289831122,953.1043356113324,9885.55522721317,1521.9650138776228,12002.448409794371,8033.233075260287,10276.0826769601,2297.7028101945043,3731.889692978423,4740.667704409817,563.0249247617902,331.5212893525635,17201.161838515996,3540.5377163583307,15808.021442556164,512.4396460706794,99.21405837562465,2873.782726091972,2344.407584627896,78.77878638050251
,2.0,1.0,0.0,1800.0,,,,2,1622.575046377211,13570.264054733934,7279.766878261295,795.2795927685037,863.8672929083292,8965.03965211725,1367.7659280372284,10833.207551072752,7315.826445243684,9358.74700512506,2092.481747586972,3398.601728977805,4320.040549231074,513.0772338084525,302.1120195972968,15674.828243287431,3220.160591469096,14377.645211756811,466.0733512340494,90.27003161240124,2625.119786902617,2141.5770224610487,77.991357690675
,3.0,1.0,0.0,1100.0,,,,3,1434.97940074577,11804.825197572554,6375.412129093308,696.5758743368191,767.8280927312002,7972.5816878972755,1191.392415485211,9567.457239684354,6497.78388656757,8312.593692231718,1858.5298204269573,3018.5867694687795,3848.7428526236313,457.1021389193364,269.1289897629868,13964.655718290162,2867.398061447778,12802.529786039846,415.01135832070526,80.3705744560851,2339.066360993488,1908.2281565064875,76.52948223485
,4.0,0.0,0.0,400.0,,,,4,1361.443855055653,10872.600584736618,5925.156704453287,647.5152435587041,736.3910966264941,7650.74572955122,1094.4245691274816,9065.975470428491,6162.3058768225255,7883.926767245825,1762.544923648511,2862.706102470353,3681.850895900127,437.2735136938419,257.46476685655296,13359.013234730835,2742.5025701418954,12244.967150021615,396.9465784860389,76.81171581631112,2230.0702942993644,1819.319627332761,75.43155754808087
,,,,,,,,5,1310.4358531900025,10053.261214522112,5540.023016415587,605.5709791604926,715.510389027335,7437.6015179446595,1003.1191516614916,8706.418129294187,5890.79702814026,7537.242250560375,1684.8901262199174,2736.6030490640137,3563.658260300614,423.2549449475515,249.2029210063175,12930.10218275162,2654.6995473041475,11852.951630118365,384.2395617351663,74.41386685333345,2146.438877335053,1751.1249752196825,74.36314495464
,,,,,,,,6,1327.7945738622316,9948.162038879136,5476.911573321739,598.7119536280318,720.9890124775002,7496.546837953563,974.5116899683992,8818.123906999235,5862.726837782905,7501.557817271794,1676.8658719142456,2723.554071416124,3582.753754795629,425.52128714039327,250.53731060159683,12999.504812997804,2669.5867726599067,11919.392802696972,386.4036566428985,74.7659978032182,2141.548195532766,1747.121666805284,73.287822105907
,,,,,,,,7,1319.9474833418317,9924.59520814159,5407.648389326786,591.0855876688032,710.4459234696775,7387.337997582857,966.4008338063068,8772.706140629396,5740.743692178018,7344.983288631029,1641.9938785763488,2666.8927714228016,3510.7338048946417,416.95821218709415,245.4942417113536,12738.27894687986,2626.2370858757604,11725.8483181445,380.10261809536416,73.58655809720098,2085.090248220874,1701.0542745719388,72.859025997475
,,,,,,,,8,1390.1266685622006,10550.150184536657,5683.586390262336,621.1722418483417,742.9653984693784,7722.283202054917,1026.670242579774,9236.640241861953,5952.08808887557,7615.032168191545,1702.419330488062,2765.0724648092064,3644.389753165868,432.8215323363684,254.8376677414083,13223.431846351225,2734.525362003427,12209.305935359773,395.7967086926394,76.64805934687696,2154.632499066811,1757.7814005903608,73.15246947799001
,,,,,,,,9,1431.6039441166738,10898.974481983649,5824.287664562472,636.4715880470144,760.6851242323166,7899.320102177904,1055.349777279993,9500.14403486902,6052.372450071325,7743.238519810538,1731.100541461574,2811.662027169592,3707.330905163696,440.3133132599283,259.2437617606962,13451.938791202443,2790.475002663688,12459.07186640991,403.8962761618877,78.19782094095517,2189.276645463636,1786.0568340078944,71.90115443264267
,,,,,,,,10,1539.3764619691065,11826.682142879166,6265.95472402276,684.708520001596,814.1658709390034,8454.256031461155,1135.420826621239,10189.04392863514,6439.185983532279,8238.292243657432,1841.745984336941,2991.3555678808093,3951.093527573032,469.26364523738647,276.2820973476185,14336.46390017449,2983.8648962420684,13322.55639503658,431.8718931579783,83.61608333804911,2332.895991493905,1903.215459413695,71.885006345938
,,,,,,,,11,1568.6280643534485,12117.998462630729,6395.356720604756,698.7816897400919,826.7497469003416,8587.773871302674,1157.1050224749526,10355.440953324784,6516.206762801947,8336.83176456907,1863.78778055412,3027.146072024724,3997.27627932747,474.7391600995453,279.5281377133308,14504.067303470403,3030.3312860880865,13530.083995357125,438.597959167704,84.93598651947012,2359.8483085062767,1925.2218047815047,71.96398389987054
,,,,,,,,12,1596.915347669394,12333.776614710938,6521.750771683988,712.5663433259297,838.9665741120411,8716.781488929126,1174.134608966062,10514.877458944196,6596.145053278614,8439.06363437969,1886.6203447836613,3064.258962137152,4044.292706214816,480.3139447414953,282.80862173846856,14674.72989518639,3078.9863569479107,13747.282071322705,445.6426402179332,86.29275590028345,2388.286412408622,1948.401163473672,72.1279875184175
,,,,,,,,13,1648.0935531943487,12708.014854443842,6734.603235424145,735.7758407912385,863.495337934847,8971.323917102653,1207.7391172593154,10833.399140325006,6760.095156974222,8648.768487014317,1933.5332189348587,3140.443835294109,4144.339038044379,492.1978176812588,289.78577785464427,15037.844635775777,3172.1147513191654,14163.16288034357,459.12151251702807,88.89872594849133,2446.326443356208,1995.7498292330788,72.73198073994
,,,,,,,,14,1697.6643602458112,13055.677322695352,6923.34429500036,756.3411819236916,888.0458937792602,9224.90379450429,1237.6294813334343,11147.73645305433,6901.962639772009,8830.336991945027,1974.1087169765017,3206.3374779673786,4243.335230301939,503.97353286370617,296.7313459441612,15397.097866476131,3262.66394662692,14567.319796290449,472.2176029746681,91.4296647220274,2499.094062516592,2038.8243696762736,73.42845417049
,,,,,,,,15,1845.6298135086288,14094.910822629392,7495.147164115184,818.8059852958232,965.61140048163,10028.843766782862,1330.2761417971717,12113.323999452696,7448.030730348337,9529.317554613552,2130.276142702429,3460.0283910431444,4603.135445556495,546.7179470114017,321.8895981979519,16702.66649195746,3542.837075325172,15818.474838241824,512.7645085204133,99.27528465799402,2703.75397975403,2205.7590424990863,75.502469412825
,,,,,,,,16,1985.5108539744456,14918.083890893551,7969.195447198694,870.6292335806598,1038.0915133976791,10777.166110332902,1407.4105613626543,13040.282246256547,7927.413389742291,10143.101731182292,2267.4061948515364,3682.7536087074977,4942.497517442368,586.9998518588088,345.61513326662225,17934.042064729903,3796.8647936096463,16952.68499805538,549.5375574840718,106.39151359861977,2888.20839977952,2356.2649534332418,77.17801807555401
,,,,,,,,17,2090.384435858297,15510.994271501888,8290.115229562887,905.7397092855732,1090.367108887302,11314.454185765164,1458.4768134051403,13752.39397715808,8286.740822683985,10603.048012581632,2370.1784611900302,3849.645323050168,5195.745884707767,617.0722063747241,363.3351225466446,18853.119140116003,3989.93803737255,17814.52278832407,577.5055625433243,111.78005789760272,3023.651698144033,2466.7673991679494,78.399083632816
,,,,,,,,18,2101.541335144148,15652.018486637127,8358.024815431198,913.1390816124484,1097.2679302981423,11379.713669735722,1478.9014871360102,13864.4023641178,8377.820383581276,10719.064862827952,2396.237084402168,3891.9492692634376,5229.788102861234,621.1335869684153,365.70419275833024,18976.60859301315,4016.9649135007626,17935.259849678307,581.3921262186778,112.54726179909092,3045.05500519962,2484.23520724662,79.06297989979001
,,,,,,,,19,2089.7128521128097,15729.68837040313,8392.08557577622,916.8329737800996,1091.3890742410622,11311.218962567218,1498.3822612185252,13839.517418366511,8409.207620608591,10758.600891312828,2405.2188090582795,3906.542581917952,5217.569707024565,619.6670861771223,364.8301829184175,18932.246884144108,3997.396980771782,17847.89667776985,578.5611408530939,111.99908371095722,3042.984766640733,2482.5109638196727,79.36503523665124
,,,,,,,,20,2041.5661801804936,15866.644230970032,8404.461271241493,918.1411594933144,1069.129954752034,11077.863609207943,1513.102868530274,13573.816543029368,8390.421422849804,10733.657253344962,2399.851319403344,3897.80646272041,5133.091646955068,609.6442372279006,358.9384376497704,18625.694902874777,3916.099324323321,17484.998937086864,566.8157722427877,109.71418945778184,3016.0396651771352,2460.514528054207,79.3587739383745
,,,,,,,,21,2055.539507060732,16738.78359644259,8777.943359495877,958.7559124952752,1077.5876557409806,11167.57857376496,1601.7108107326508,13704.425801926129,8629.10399035028,11037.928072715784,2468.106154057754,4008.701942829313,5196.654960841267,617.1826384334695,363.3804871416703,18856.332300610426,3954.0996052952746,17654.545131237,572.2933056178681,110.7651303562959,3078.8740104524245,2511.7298265542045,79.8354903881295
,,,,,,,,22,1944.239854995124,16365.78898217416,8563.333729652073,935.1802347832054,1021.8700864968114,10590.42442924413,1573.7187030442028,12981.147960482036,8309.330408916456,10628.352635574503,2376.640283862099,3860.150138416125,4949.661363397614,587.8696059293343,346.10542411748986,17959.963215282754,3751.226549093828,16748.80952578618,542.9385904287495,105.12367596442596,2952.4455558178443,2408.588262056688,79.587936773781
,,,,,,,,23,1758.3690847909445,15019.58365100308,7904.564675049108,863.1916837609385,928.4163637000954,9621.872155600797,1463.4392153106237,11762.208070988134,7658.76465677517,9796.15988610342,2190.567701526372,3557.924769425482,4529.001913583052,537.8802072667359,316.7185769248243,16433.481845356328,3417.2323487104727,15257.635038263026,494.5917076560891,95.71812512530336,2720.300169007477,2219.195532495682,79.33209708422
,,,,,,,,24,1613.470481546144,13736.36763357126,7289.084565742852,796.0884604454948,854.8645878327409,8860.537542135258,1362.1871567930496,10791.149596096064,7133.1459747223,9124.24675907218,2040.2181097150044,3313.747890817048,4208.377800902003,499.8043866000184,294.2861264036329,15269.8982266135,3159.8995014557654,14108.49111049976,457.3492102751324,88.55546696243474,2541.9437440295583,2073.729454203001,79.067618734106
,,,,,,,,25,1548.3401598230162,13102.438826424042,6983.375638956607,762.8086967792957,822.1398252312943,8527.197226106826,1312.834286620798,10353.211573260463,6929.399636295409,8864.06293669771,1981.9792190905475,3219.0968242735057,4089.260296443024,485.6605892445351,285.96749034191384,14837.57827900558,3054.0382102916483,13635.86702991927,442.02615109489534,85.58121662630451,2478.900934457017,2022.266366735833,78.738509949129
,,,,,,,,26,1463.5194335507338,12240.016390527568,6566.155643674024,717.3209903121099,779.1852672719376,8086.226755872524,1233.688402086813,9771.264394878224,6598.680411734509,8441.340291943014,1887.3627502045288,3065.448151913598,3896.561401978467,462.781986119955,272.49698729011214,14138.27718036282,2904.4990031688417,12968.252669166208,420.3857371738318,81.42116189137752,2367.788061395704,1931.6453792478844,76.99236902654
,,,,,,,,27,1370.163693876598,11271.620268463448,6087.445038057215,665.1126647188357,733.1465352408861,7612.473021943801,1137.5791401670344,9135.310615413347,6204.289460464929,7937.127232017581,1774.5830237093155,2882.242069950886,3674.901340737936,436.45557198599255,256.9728670329961,13333.894725417931,2737.882312210234,12224.260148604952,396.2659641120414,76.74036513590583,2233.4145031877915,1822.0365660436933,75.786964968614
,,,,,,,,28,1369.9316395172186,10940.38471697038,5962.096496587677,651.5521120659843,740.9820526797835,7698.443532498825,1101.247648770245,9122.49638052044,6200.724151564064,7933.078313864994,1773.533332285563,2880.5533550649766,3704.805024128018,439.9996513316169,259.06990498943344,13442.298655965456,2759.600425932432,12321.307163252704,399.42130191178575,77.29059071486154,2243.973442726576,1830.66199213624,74.867460519796
,,,,,,,,29,1354.8400565898796,10393.916619145728,5727.747053622046,626.0907908447097,739.7555047052623,7689.625125056821,1037.1099088101596,9001.435669112292,6090.407065356637,7792.642190323396,1741.9827368112622,2829.3330198745293,3684.4130502835287,437.5969660542724,257.6471780565735,13368.239529121103,2744.65421267529,12254.589660542708,397.25954406549874,76.93538553086591,2219.1710971248067,1810.4619579410987,74.22966050386316
,,,,,,,,30,1351.180317152997,10123.373753278192,5573.373519018177,609.2567504876329,733.6874104775893,7628.579550973049,991.6752487477978,8973.432857686845,5965.983943596698,7633.678786018692,1706.3996232833042,2771.522588238264,3645.854901036923,433.01576842666327,254.9498916934485,13228.458213206066,2716.604792003255,12129.322761557152,393.2091798004299,76.08281176369263,2179.266150803404,1777.892796317282,73.606233911427
,,,,,,,,31,1362.401270100789,10243.80233869248,5581.575878477084,610.0968148667612,733.2961657099147,7624.938717326421,997.4834150755396,9054.86478746461,5925.3846052608,7581.221743735453,1694.8057206082042,2752.668681794887,3623.650376350282,430.3689389402303,253.39013175220512,13147.983260810435,2710.705377705036,12102.989583497,392.32794955649706,75.95334017392028,2152.1535048188084,1755.7656902528518,73.27570988097587
,,,,,,,,32,1502.1039596762755,11399.98442283162,6141.40985497772,671.2088223488634,802.812644474765,8344.327490347156,1109.3704419439223,9980.668808948376,6431.539865276633,8228.437186039728,1839.552376907105,2987.8041995105464,3937.952132445657,467.686112538256,275.3653163024033,14288.603899281845,2954.796470705043,13192.788258189126,427.6788704219073,82.82220322089624,2328.1921580879525,1899.37396482222,73.27570988097587
,,,,,,,,33,1598.8432515121729,12172.187615531437,6504.678242624607,710.8239031543701,849.5480069070125,8822.115005204456,1178.6352477745588,10609.946445709187,6759.407786771289,8647.800044925843,1933.3269021640367,3140.119078427719,4140.419578475548,491.7505098737192,289.5284975227326,15023.388028830415,3116.456995565976,13914.534851331196,451.07925142716846,87.3328540398419,2445.0269256924253,1994.70316326398,73.103267681917
,,,,,,,,34,1601.6346333476242,12304.997630923444,6519.373489799673,712.4007066990993,847.0937996008604,8796.177928987958,1181.341513442772,10601.127170625714,6699.610872703377,8571.479753693706,1916.2331159524745,3112.337232990188,4110.890603888943,488.24243123852216,287.4559840416386,14916.2843979605,3104.543610429339,13861.37066154886,449.338416131443,86.99783210131241,2427.247075867962,1980.1886476946524,72.83028074033143
,,,,,,,,35,1637.7271714756464,12651.804335995028,6677.076427885321,729.5634868605475,863.1686218538911,8966.071008883813,1208.0762665299194,10811.604998831848,6803.249994633216,8704.074735832075,1945.8888690327549,3160.4938652070373,4173.358951886383,495.651735122447,291.8415376648248,15142.9810925866,3163.819390063489,14126.093173449231,457.9184903075049,88.67747308624112,2463.8011924098446,2010.0291027928536,72.767640076273
,,,,,,,,36,1649.1166165033528,12736.9531448521,6734.939069859975,735.8592920124548,866.3913964370594,9001.722738028238,1212.515676853814,10858.596332829122,6811.765212291118,8714.92661617648,1948.291726394089,3164.4259535138945,4176.495838402412,496.0148379608776,292.0533001827435,15154.429411784024,3179.6347693948824,14196.66441847636,460.21016961129936,89.11356375071088,2466.35666281268,2012.0920867773552,72.815746498329
,,,,,,,,37,1703.9529434443689,13138.731884846376,6962.861412623776,760.7137393393118,892.762076444495,9275.392022201102,1248.6734262009677,11200.57918853328,6989.217340462409,8941.904112210976,1999.0671119766232,3246.8839566172924,4284.804517813909,508.8800441997576,299.6075848890289,15547.52737217194,3279.628305673132,14643.199733211724,474.68267267699616,91.9118004283117,2529.240609978316,2063.3924508163423,74.026082522876
,,,,,,,,38,1877.0520889460888,14435.236413647186,7654.915880746738,836.2617657121908,981.8833681334978,10199.675120289256,1368.406534105374,12325.688449509713,7631.274882236474,9763.415481272386,2182.7075939032447,3545.142727749416,4691.717305641918,557.2270908122188,328.08616697332627,17024.068709195075,3607.4210662338496,16106.61017235086,522.1155953184843,101.090796966058,2763.166760383848,2254.2615794449025,76.256257013583
,,,,,,,,39,1998.578763209391,15262.968355439178,8116.276535895732,886.6611502606844,1045.6324580316175,10859.942782205926,1440.5172839864954,13117.16570678794,8065.255522236676,10319.020397878963,2306.81398155513,3746.7639565782606,4984.601288042966,592.0249393269331,348.56486948129964,18086.831007749763,3836.435068631196,17129.365621793695,555.2577498237339,107.50231394011143,2927.8164263106787,2388.5522149835733,78.09290261103999
,,,,,,,,40,2101.6205384471364,15790.470969534565,8435.221994987765,921.5423199540734,1098.7975416891436,11407.398553573244,1489.7138113681835,13802.858312772056,8390.996585736952,10736.255044459089,2400.000694311787,3898.115493353833,5231.527328641112,621.3267191476036,365.8261857482779,18982.797835209592,4018.899728492536,17944.052485243374,581.6736862177152,112.61312908351134,3057.1064772282016,2494.0557792701047,79.3408706523425
,,,,,,,,41,2162.683527261509,16047.465349908842,8576.841340054247,937.0660801223656,1128.0790961735693,11705.78161019569,1508.9204287674734,14228.041217977345,8573.350224235504,10969.770383961864,2452.154650003904,3982.791099638805,5375.448574884042,638.4145772256388,375.9016145202663,19505.18263645907,4127.936048603775,18430.6648669216,597.4794614759575,115.64613941082298,3128.2292422290443,2552.0842617524527,79.81348752244449
,,,,,,,,42,2179.35945639512,16231.598175148005,8667.51470155863,946.9517726043408,1137.8987413208945,11801.093884030715,1533.6638338572554,14377.788290057331,8688.043281187844,11115.981866192704,2484.9675151872907,4036.064531272975,5423.442292716809,644.1335860526322,379.2458789189331,19679.294761363977,4165.709388554478,18599.38584249596,602.9205359700577,116.71478223691555,3157.810560204798,2576.224126684262,80.304889050955
,,,,,,,,43,2176.590619803804,16383.63477778343,8740.978324537413,954.949407828432,1136.762507417079,11781.47182641802,1560.6760380265848,14414.881817361656,8758.81220163508,11205.87919941654,2505.2134282846027,4068.95326842146,5434.485063821145,645.4291391329726,379.99764090012206,19719.336529023425,4163.5848500348,18589.905523519366,602.6142543415102,116.65533605988972,3169.4938816974536,2585.7189287738106,80.7098229040125
,,,,,,,,44,2147.297152974723,16688.364215267622,8839.721158795675,965.6909077689578,1124.4992840722273,11651.576725762312,1591.4651767329406,14276.792935152993,8824.954198619542,11289.54421603733,2524.1375742528426,4099.670537991596,5398.930089295698,641.2171927785274,377.5275534738755,19590.303770403803,4118.910771309048,18390.532132567605,596.1706780872036,115.39619383918084,3172.237789382429,2587.942478786867,81.8073905471284
,,,,,,,,45,2026.4971316145768,16502.2841100304,8653.921259304721,945.209809841318,1062.3625991722931,11009.793715507723,1579.0805053740444,13510.798251569462,8507.1848168239,10881.975024800957,2433.234693148881,3952.0636605314185,5123.232288147086,608.4625676964862,358.24634474201105,18589.91432113074,3898.232790333062,17405.107002574783,564.2074687901236,109.2001482719818,3035.373112193928,2476.2420140400086,81.782780618128
,,,,,,,,46,1841.9158862287063,15504.469080544037,8112.651530725786,885.962360306927,968.0897864245768,10033.0578801854,1490.8950005037436,12297.95932249172,7872.01622515082,10068.989951836224,2251.559386281422,3656.99316620296,4689.164185823857,556.930444260935,327.8901403826677,17014.7430510293,3553.802148365145,15867.331523785486,514.3641163347323,99.5910912329902,2797.060433934922,2281.825964974538,81.58147122090301
,,,,,,,,47,1764.0073217979998,15067.744172650171,7929.910780972497,865.9595209218961,931.3933447816252,9652.72483387756,1468.131755240215,11799.923768678767,7683.3226012304385,9827.57142061833,2197.591789920576,3569.3333088935647,4543.524226569022,539.604928268831,317.7341398215365,16486.176052901657,3428.1897558082533,15306.558875275952,496.1776234308884,96.02504673806112,2729.0228525531907,2226.3114164619296,81.01451711965251
,,,,,,,,48,1694.1922131152437,14423.596432321305,7653.756578295895,835.9166691077064,897.6333589854903,9303.829155594947,1430.3372142469384,11331.029495344876,7490.016398569759,9580.731712518776,2142.289973116566,3479.534293970748,4418.922429434802,524.8095391538621,309.0092254449616,16033.84937405252,3317.988888438176,14814.337201452385,480.2303355311652,92.98588618291396,2669.116879773993,2177.477886085498,81.268598887015
,,,,,,,,49,1628.1945557195654,13778.186549311486,7343.537609457521,802.1499405489511,864.5410241344111,8966.980550760321,1380.5426569070562,10887.170116237468,7286.777837959692,9321.21983888637,2084.1981999881823,3385.1191486342223,4300.160600594229,510.7081427287239,300.7160331878968,15602.81442076734,3211.547769661144,14339.125882498758,464.82329359760894,89.9949989017487,2606.748252342954,2126.5631248048467,81.1689995499475
,,,,,,,,50,1463.9490366932623,12243.609338721782,6568.083080395524,717.5315535233494,779.4139901926986,8088.600395979984,1234.0505403695636,9774.132662831684,6600.61739581305,8443.81817247773,1887.9167687915,3066.347987015976,3897.7052030001487,462.9178316652789,272.5769763626081,14142.427346166827,2905.3515930768594,12972.059384657688,420.5091376764996,81.44506235092388,2368.483104569507,1932.212396607649,80.10471974944
,,,,,,,,51,1371.5731381357334,11283.215029402989,6093.707001135084,665.7968451792841,733.9007000022342,7620.30373330081,1138.7493320175308,9144.707821863827,6210.671617721866,7945.291904940378,1776.4084814019288,2885.2069416352588,3678.681596061253,436.9045400932724,257.2372069318066,13347.61088317094,2740.6986855562645,12236.83486020009,396.6735904348702,76.81930553373431,2235.7119463793283,1823.9108377014684,78.797603586835
,,,,,,,,52,1339.6744812983047,10698.748607686986,5830.413942648519,637.1615287887082,724.616264374311,7528.41094307394,1076.9248114943714,8921.011278362972,6063.771119519463,7757.863435412929,1734.361977238684,2816.931670516586,3622.978406980338,430.2815466594017,253.3479266958401,13145.403726666082,2698.6501826503327,12049.171145988546,390.5994357840653,75.58350288315263,2194.411656184039,1790.2288581435553,77.4015338162025
,,,,,,,,53,1337.5803951951166,10261.50580021601,5654.779787693112,618.1148567115265,730.3315660904996,7591.664981890404,1023.8978947660286,8886.764028751537,6012.819778803486,7693.369685852236,1719.791163683021,2793.2894074506617,3637.476349986669,432.0223039938056,254.36494335223108,13197.938033682987,2709.6893456962907,12098.475241690126,392.1987509607641,75.9552855573823,2190.900496822492,1787.3980101266138,76.359166085691
,,,,,,,,54,1318.3350850539728,9877.289232707171,5437.892899235008,594.4466032973392,715.8525345699499,7443.139855947348,967.569062994138,8755.301731001433,5820.959534316246,7448.115135991224,1664.919525498486,2704.1508973375394,3557.2294608171896,422.4897836739556,248.7524299187413,12906.893596841246,2650.568073008802,11834.476532486296,383.65083543287375,74.23334905364496,2126.291354160788,1734.674803277488,75.53734304663901
,,,,,,,,55,1316.056225677537,9895.33710684886,5391.706426857566,589.3430438537667,708.3515006387261,7365.5598314326035,963.5518457224716,8746.8438541088,5723.819751511545,7323.329985846862,1637.1532153337794,2659.030665492362,3500.384022044944,415.7290027985845,244.77051492551143,12700.72599404838,2618.4948345228545,11691.280051062531,378.9820604636793,73.36962199800116,2078.9433192623123,1696.0394989336305,74.954888110251
,,,,,,,,56,1365.5905436390003,10363.937079831563,5583.269499120673,610.2083778570271,729.8518511627042,7585.982741368177,1008.5492253397236,9073.610955416148,5847.0320675753,7480.624718281827,1672.3711526427082,2716.268161609678,3580.0652536258413,425.18211110446,250.3397115534968,12990.034571820064,2686.2602237213373,11993.808267103828,388.8107859646635,75.2951996386311,2116.6026321803856,1726.756066706815,75.16917681840249
,,,,,,,,57,1433.4076628948865,10912.706411835616,5831.62585126799,637.2734968150623,761.6435331892935,7909.272681633951,1056.67944266593,9512.113538209547,6059.998007325336,7752.994447614285,1733.2816045736452,2815.204520620546,3712.001877465898,440.8680766039997,259.5703903950639,13468.887273847224,2793.990801976146,12474.769407602707,404.4051566387524,78.29634461338996,2192.034977761024,1788.30713812566,74.71883320277
,,,,,,,,58,1507.6977520397395,11583.301759790904,6137.008123215993,670.6179559796211,797.411214039238,8280.276546191724,1112.0550886728447,9979.364376526144,6306.674469946684,8068.757060583145,1803.844835240017,2929.7966914970057,3869.784277460373,459.6067047389868,270.59650929506586,14041.434911147642,2922.460169814356,13048.392530652074,422.9844346525404,81.89535438386753,2284.8875041383267,1864.0493347123136,73.81737225756
,,,,,,,,59,1588.0010496477664,12267.659055443002,6474.341123928726,707.4118345825234,836.9603322218422,8693.835225616289,1171.3955857345284,10483.333479197468,6596.683697174869,8439.793915283088,1886.806069009444,3064.532153320712,4046.643733816215,480.6023184710208,282.98038660797266,14683.19649856978,3067.756705648263,13697.1842304157,444.0147638304307,85.98496916563889,2388.9930800530974,1948.998820225701,73.83312201444049
,,,,,,,,60,1635.6064396033034,12632.607285722108,6679.763943168335,729.8308589052119,859.2935957640154,8927.977276137364,1202.5822972950589,10769.638671573,6755.960697256406,8643.530694822453,1932.3305956813945,3138.501798732332,4142.280430568626,491.9512998588182,289.6606908849983,15030.278687618367,3153.5860183349632,14080.36006148618,456.4399566740036,88.38351228047668,2446.151351387303,1995.6082797745555,73.250762144175
,,,,,,,,61,1721.2480215042096,13272.089671767651,7033.534274872987,768.4349640090917,901.8235883016018,9369.53700999362,1261.3474290016204,11314.264775994126,7060.157714693722,9032.66420639039,2019.3575911717871,3279.83974433255,4328.29517223125,514.0451634135192,302.64859408350924,15705.334370642026,3312.916447679697,14791.827829665966,479.5006894592011,92.84470281223253,2554.912336389534,2084.335830527767,74.60206947209949
,,,,,,,,62,1883.6795179954613,14486.20383522582,7681.943586678464,839.2144091425992,985.350167161285,10235.687772034218,1373.238055440817,12369.207553835511,7658.219117367787,9797.887802931831,2190.4142205862813,3557.6597921593075,4708.28265497131,559.1945284930879,329.2445619941684,17084.17668817247,3620.158020795991,16163.478821213504,523.9590625743596,101.447724772368,2772.922851737878,2262.220846406368,76.898651771405
,,,,,,,,63,2017.479144515316,15407.308887365389,8193.0314399989,895.0462257641218,1055.520911029544,10962.644293561234,1454.1401276023255,13241.2135742401,8141.527925159245,10416.606454437648,2328.6293158596027,3782.19676950824,5031.740218334976,597.6236664333534,351.86121639757897,18257.876557194788,3872.715893278864,17291.356506386415,560.5087728946917,108.5189537454272,2955.504525408741,2411.140540479341,78.858341730595
,,,,,,,,64,2150.606413211465,16158.525058858855,8631.835380085866,943.0221998131914,1124.4089961757409,11673.289273001128,1524.4369846829502,14124.583893736744,8586.57913757123,10986.502334787894,2455.9413987801245,3988.975186567249,5353.467011785022,635.8089876138154,374.3530893413587,19425.26065874064,4112.574735559127,18362.303588011982,595.2316972028096,115.2379857296974,3128.363410768341,2552.188777983968,80.070906707696
,,,,,,,,65,2215.707832279387,16440.91436209735,8787.12686984734,960.040906086492,1155.7371466122022,11992.781962650231,1545.9158818950907,14576.881900323628,8783.550159447748,11238.725338990263,2512.276158525059,4080.440490974924,5507.242904128083,654.067116695219,385.1179060459497,19983.407369994,4229.144078986573,18882.544757468226,612.1283607753084,118.48153168757658,3204.926632029684,2614.6558274118256,81.245365947425
,,,,,,,,66,2243.938064359109,16712.571615351273,8924.349815330972,975.0117730344552,1171.6168673064208,12150.782969622704,1579.1092399303968,14803.829781582866,8945.486696216796,11445.369766369153,2558.601877107546,4155.660877950714,5584.1493080781065,663.2205018012336,390.4836629681855,20262.430075583343,4289.147361444158,19150.521380586728,620.7862298607996,120.17326548233098,3251.3825543031594,2652.5625973373344,82.40743726518551
,,,,,,,,67,2276.613275867116,17136.525400179326,9142.65967915562,998.8329821248684,1189.00108837508,12322.875475635085,1632.3950655540748,15077.300718322102,9161.313091051878,11720.832167996035,2620.337558115268,4255.937219193836,5684.220418496516,675.0890743588977,397.4599845281806,20625.5153931118,4354.917483583954,19444.18271717742,630.3066820090903,122.01609450959776,3315.14423667894,2704.542593975699,83.28962103484
,,,,,,,,68,2228.75246051676,17321.41858207707,9175.046059952489,1002.3233085402708,1167.1559023646753,12093.566212048274,1651.835622077982,14818.367052007678,9159.718931715335,11717.800405383456,2619.8879002402564,4255.186938705169,5603.732442902094,665.5410473352475,391.8486375079161,20333.439957330487,4275.157028679806,19088.156328941528,618.7857436657446,119.7736189409323,3292.573069654492,2686.113172218213,83.16579163787
,,,,,,,,69,2149.341247731991,17502.635146204826,9178.512827417131,1002.5074303629692,1126.761898068681,11677.195784090494,1674.802698085151,14329.808574042709,9022.88137674826,11541.628859330882,2580.7348107276084,4191.633586214429,5433.797219270477,645.3469260077436,379.9628598485802,19716.81529614387,4134.53954551058,18460.186209105326,598.4091297395005,115.8197459437902,3219.374224871026,2626.3491899949986,83.56102093424599
,,,,,,,,70,2064.256241723569,17376.036177011996,9091.941540021868,992.9081701663738,1084.9493177820575,11244.162943375004,1670.863112454951,13782.463945133675,8822.258795426384,11284.432427849206,2523.3484066739884,4098.434149852138,5255.200040036799,624.1583312066435,367.4702378892976,19068.61752320477,3982.7867936106672,17782.700275491472,576.4537596972332,111.61287724092894,3134.6976821238354,2557.2685082649487,84.334651658364
,,,,,,,,71,1976.928803510239,16886.470419223548,8887.077076410285,970.4836813486096,1043.8155828172855,10817.840448077428,1645.3400835797574,13224.213351761497,8610.724892882863,11013.791592526735,2462.848342048494,4000.1635710263968,5091.942534453639,604.7370166941323,356.08569483232253,18476.111689548987,3841.9835271705015,17154.110841396752,556.0678934245976,107.61558549620824,3058.424880658109,2495.0345219095784,84.441054717815
,,,,,,,,72,1905.9365693713808,16226.293385959378,8610.342110366337,940.3916133399912,1009.8218086082888,10466.644862111554,1609.1043165363606,12747.20974197661,8426.13727575572,10778.155389257194,2410.0387018381102,3914.415143643189,4971.210344538584,590.4015405601724,347.6299669479214,18037.799745051943,3732.679391563259,16665.869908189896,540.2507172001008,104.60749349422576,3002.709745509642,2449.624487682342,84.25627048624949
,,,,,,,,73,1806.4868752546504,15286.940420422552,8147.677599598125,889.9878300769616,959.2109295119296,9948.892544019938,1531.7163306258635,12079.348782096717,8084.702458271746,10341.922125436546,2312.424323298439,3755.800123332544,4771.041433084485,566.6322576035084,333.6453651833382,17311.37066460312,3563.2221436720324,15909.304338577942,515.7228761434,99.84972851276814,2892.195216111272,2359.428337888472,83.461569726526
,,,,,,,,74,1559.2641792028674,13040.769171271822,6995.719397734073,764.2487687849529,830.1602618778122,8615.2349168015,1314.397396831907,10410.50921988036,7030.371965107609,8993.580296883933,2010.83570336732,3265.992501982589,4151.4779215666,493.05759608978207,290.32398305180527,15063.215873734996,3094.5139164867905,13816.647316273487,447.8877467534661,86.74780686600396,2522.6908665784617,2058.0153414679976,81.5196907797
,,,,,,,,75,1407.0384219222206,11574.969374771434,6251.27428070481,683.0126052447853,752.877447120553,7817.344800179735,1168.194402862654,9381.16598003958,6371.263295484361,8150.736313510666,1822.341745303024,2959.810825396732,3773.8026531430287,448.20174552197705,263.88868638311754,13692.74509051382,2811.565964853248,12553.247313097245,406.9305290291176,78.80565128175459,2293.5215931554058,1871.072387940236,80.3723691713168
,,,,,,,,76,1341.095037603719,10710.093285074558,5836.596363382082,637.8371584583955,725.3846287924829,7536.393876080598,1078.0667548192473,8930.470888887066,6070.200986191309,7766.089673930989,1736.201049996306,2819.918672286296,3626.820119942899,430.73780612596863,253.61657031020724,13159.342774107692,2701.5117617776414,12061.947776644272,391.0136173626056,75.66364968232276,2196.738553768776,1792.1271707023686,79.52923822469
,,,,,,,,77,1297.287905494841,9952.394199709775,5484.438507893092,599.495126198802,708.3314850410197,7362.978105056998,993.0545932888294,8619.064345514913,5831.693111668302,7461.619115986567,1667.9851802832604,2709.145990663234,3527.9031393644736,419.0083167250848,246.7026025337295,12800.371065598443,2628.064248285613,11734.027847861713,380.3843851175488,73.66725294865384,2124.90309134342,1733.555477616398,78.425594188715
,,,,,,,,78,1324.0834788169682,9920.3576061915,5461.603979961134,597.0385946548994,718.9738974856443,7475.59450212198,971.7879964277082,8793.477853623226,5846.340917138462,7480.591476095646,1672.1791464588682,2715.941924011018,3572.7402030237267,424.3319842380871,249.8370759490913,12963.17208589374,2662.1254601647806,11886.078914808448,385.3236848431434,74.55703195152427,2135.5627147557834,1742.238581206965,77.615050834505
,,,,,,,,79,1342.0564163954027,10090.830769639131,5498.225732536067,600.9861873908575,722.3457918799013,7511.074860824685,982.5879106462464,8919.647723692062,5836.900334445888,7468.010716507785,1669.4970430537016,2711.562846928503,3569.53809797516,423.9422030774301,249.6062354259005,12951.643311756903,2670.22618441734,11922.254613647889,386.4692830142451,74.8191225038505,2120.015214017132,1729.546692301912,76.806653732551
,,,,,,,,80,1382.007367708862,10488.530013272151,5650.390316212331,617.5441664884713,738.6259668692118,7677.179729105207,1020.6737785415028,9182.69187680016,5917.323779268348,7570.555115431061,1692.4760245754662,2748.922529892636,3623.10399734091,430.2935553423894,253.34923957155263,13146.197861922172,2718.553843286968,12137.995147399588,393.4849822670465,76.20038168718175,2142.047955597547,1747.514741912014,77.0159075922375
,,,,,,,,81,1438.0559067668182,10948.094056270673,5850.536604871616,639.3400426435761,764.1133852609601,7934.920813163814,1060.1060350242046,9542.959350331,6079.649324484183,7778.135801231345,1738.9022774675798,2824.3336452233693,3724.039129969965,442.2977203741929,260.4121233561198,13512.564082861876,2803.051134887504,12515.222498480944,405.7165587191119,78.55024342631303,2199.143292733932,1794.1062474168275,76.778574821695
,,,,,,,,82,1489.0988404788795,11440.410517350803,6061.302186016344,662.3452341840787,787.5743746412293,8178.131317830315,1098.3368124354167,9856.259254679606,6228.8755340850485,7969.221129875003,1781.592662671109,2893.654812607332,3822.0467415791136,453.93701103369744,267.2584393548225,13868.220216261554,2886.408794023036,12887.427975017064,417.7665121073355,80.88509589447854,2256.7012044914045,1841.0544813509607,76.62038513653089
,,,,,,,,83,1598.4938508324224,12348.718263494824,6517.120676391928,712.0860958102434,842.4905920207229,8751.280203108454,1179.1356442139747,10552.602661339422,6640.271634681503,8495.56030133943,1899.2732402122024,3084.781212108118,4073.38214697626,483.77792378798176,284.85019452560164,14780.216498429922,3088.027070836248,13787.689101902552,446.948614939004,86.55311941120954,2404.778478574135,1961.876933331668,76.35818886806
,,,,,,,,84,1698.0529519068505,13114.912959747851,6934.7934852157605,757.6953809605214,892.1009305854968,9268.84230902102,1248.4961971218886,11180.817276355365,7013.899387511151,8973.535720977296,2006.1058654504504,3258.327990683971,4300.430312844084,510.7337172885456,300.7197693156207,15604.126075514288,3273.9881171075817,14617.940103070769,473.86657146355327,91.7579439000979,2539.544001820859,2071.799455095574,76.015887058475
,,,,,,,,85,1779.5450988343696,13721.603064527688,7271.753570642035,794.4611449896153,932.3675185246478,9686.874556236402,1304.0680989399625,11697.468451664072,7299.278721727291,9338.592182578926,2087.751363701389,3390.924880708649,4474.890523517587,531.4553973067868,312.89902183867474,16237.25950918261,3425.121861382924,15292.813347189964,495.7409339934195,95.98926696098916,2641.444852439207,2154.930355881592,76.78990493435201
,,,,,,,,86,1926.5552310512,14815.93419167575,7856.797539161472,858.3163401530978,1007.778393737528,10468.669236051455,1404.495262550526,12650.75151539511,7832.533061038866,10020.904203533704,2240.2717312179234,3638.638110892042,4815.451084723459,571.9227361934734,336.7387218182591,17473.04127499725,3702.5589042972633,16531.386776521278,535.8852518253836,103.75684556279111,2836.039238246837,2313.712796577619,78.8522990217275
,,,,,,,,87,2117.947147807376,16174.574097628314,8601.034423287985,939.61843727921,1108.0845663478403,11508.570622450146,1526.55453422667,13900.609877088733,8546.966096161406,10935.340764232931,2444.5922185779723,3970.5455603858086,5282.314750515292,627.3845968746263,369.38347626504,19167.096564271964,4065.5724262313415,18152.444992545297,588.4214268586766,113.92306542201445,3102.6850497753503,2531.212401651762,81.01197700729111
,,,,,,,,88,2248.954591880912,16897.461528015163,9026.573014546026,986.1470204343616,1175.8287148997697,12207.113933817096,1594.1501595432587,14770.507337412548,8979.247184124742,11488.919926373386,2568.2526808469515,4171.392779087435,5598.283416563527,664.8848127063798,391.4724210283806,20313.58638595428,4300.644589903252,19202.019820123336,622.4519049296171,120.50786958219062,3271.424847661282,2668.9014951010467,83.0608825122945
,,,,,,,,89,2347.284607124396,17417.23554296457,9308.938363603276,1017.0516203611224,1224.3690140923875,12704.956893422395,1637.7179791563449,15442.51006654628,9305.149255155497,11906.121649970475,2661.4642372252542,4322.75186069967,5834.282980918255,692.9079965680847,407.98760541441766,21170.094646110585,4480.286007611463,20003.85881515168,648.4787650698677,125.51739516697344,3395.246810400643,2769.9235825231312,84.64798650722051
,,,,,,,,90,2418.606818247285,18013.48277002437,9619.023650703184,1050.9069566525782,1262.8158453429337,13096.603245939395,1702.0275359265588,15956.163948818572,9641.805832189792,12336.280485623824,2757.764148414694,4479.1386595626645,6018.821020573034,714.8457674191592,420.87901830693625,21839.66318565106,4623.01576751364,20641.203213113746,669.1084001216327,129.52758540134658,3504.4710633819923,2859.038796857408,85.504356707632
,,,,,,,,91,2406.606882059074,18115.0133840557,9664.701483302868,1055.865901464419,1256.8925220596925,13026.506188287463,1725.6040982653988,15938.20788810428,9684.419996727736,12390.086475365477,2769.9576680524274,4498.949342822457,6008.786877992754,713.6363604557334,420.1547729902829,21803.223154873456,4603.581336316634,20554.436908196545,666.2969134066656,128.98315927500906,3504.4374991493705,2858.970774034848,85.777221536556
,,,,,,,,92,2302.0371807041647,17890.972777316012,9476.735321152122,1035.281200681714,1205.533737155732,12491.220788596593,1706.15045223705,15305.617162676695,9460.90421397427,12103.099239207866,2706.033739714488,4395.10386069291,5787.991561560765,687.4250341355973,404.7332078064612,21002.033928226145,4415.730597146613,19715.803508357578,639.1323460291067,123.7119549856108,3400.837805366895,2774.436597858795,86.125537577685
,,,,,,,,93,2169.464149031249,17666.501074844888,9264.445346459876,1011.8932633916954,1137.3110458536246,11786.5218664254,1690.482799802298,14463.969365809484,9107.356818500846,11649.685715641648,2604.896572816634,4230.8771586471685,5484.670371795206,651.3888946851401,383.520208005456,19901.41117107004,4173.248583119186,18633.01707318692,604.0116499847287,116.90409181887694,3249.515157512976,2650.9380102130176,85.96214735039433
,,,,,,,,94,2052.5422328933228,17277.432603919617,9040.347614165566,987.2737267102452,1078.7925695877266,11180.355833896465,1661.3814866481243,13704.25277101072,8772.195234835644,11220.396801635588,2509.0291933321,4075.176817331509,5225.378422725229,620.6164278055805,365.3849591702691,18960.409080118803,3960.1857236822616,17681.78901077426,573.1825648257652,110.97950905574776,3116.909252767852,2542.756808950859,85.7710047699225
,,,,,,,,95,1783.1039548157476,15230.863212642093,8015.7577013205155,875.3341482122265,941.4763397219969,9757.222440829652,1484.0253249579118,11927.66633021087,7766.500029271447,9933.961866143218,2221.3822829737187,3607.973878847939,4592.711105608502,545.4465351388155,321.1738377130379,16664.650626140585,3465.3023464834123,15472.26325416014,501.54909886026473,97.06458611831704,2758.5664645712727,2250.412819884712,84.47866990709501
,,,,,,,,96,1720.53747658414,14647.88824834837,7772.775088722898,848.9154567985023,911.591862133996,9448.50685419152,1452.5794430017338,11507.230846713255,7606.48869367247,9729.715339782058,2175.603308717815,3533.642232263747,4487.638171810933,532.9705054674631,313.8144236955767,16283.181169411962,3369.5847408899112,15044.705168952174,487.6980801101944,94.43184824755664,2710.622552437677,2211.338405666764,84.43873289576614
,,,,,,,,97,1657.7869950099798,14028.605117264697,7477.006420123522,816.7290173147582,880.254058968546,9129.955440115256,1405.6340224437104,11085.044454766248,7419.215039665764,9490.633028007956,2122.0785064206552,3446.643695897253,4378.316028067625,519.9902642391604,306.181547689531,15886.395603915384,3269.917656765921,14599.739523948952,473.2714578837736,91.6306581858838,2654.1259070168835,2165.2134138301712,83.82237498610691
,,,,,,,,98,1471.7982260810968,12309.25534557142,6603.29887460753,721.3787100255138,783.5929389588174,8131.968679164189,1240.6670933797686,9826.538188194558,6636.007627793664,8489.09101076035,1898.039126807585,3082.7886864363995,3918.6033528328776,465.3998372820548,274.03844001783614,14218.254159711165,2920.929085408025,13041.611089196802,422.76376251534856,81.88174266087535,2381.182093389257,1942.5722524894848,82.12503894896899
,,,,,,,,99,1372.818540674491,11293.460304884302,6099.240149866748,666.4013955734471,734.5670893981517,7627.223047591594,1139.783328141887,9153.011310770757,6216.310971530308,7952.506311838893,1778.021478602804,2887.8267392603702,3682.021876846602,437.3012539164714,257.4707809656429,13359.730651353952,2743.187268196197,12247.946032311527,397.0337741413383,76.88905825451693,2237.741995857941,1825.566967531212,81.00757234296235
,,,,,,,,100,1353.135427839745,10806.248813952629,5888.997495214513,643.5636790102868,731.8971530782205,7604.055839398682,1087.7456694856555,9010.648916154843,6124.699427118693,7835.813852799908,1751.7887134981456,2845.235984106979,3659.3818164189447,434.6049826718108,255.89354725161303,13277.487736103072,2725.766012913442,12170.240294448871,394.5241489868656,76.34296012887019,2216.4609363682675,1808.216940541796,80.00841445237853
,,,,,,,,101,1335.9037638412467,10248.643199639351,5647.691629758579,617.3400616018058,729.4161094892911,7582.148975538608,1022.6144584060962,8875.624640600685,6005.282824611779,7683.726194605992,1717.6354384664303,2789.7880727886195,3632.9168431942135,431.480772327336,254.0461017776373,13181.394671659147,2706.292802107164,12083.310035174612,391.707137353708,75.86007706470767,2188.154245098575,1785.1575410255502,79.093504233627
,,,,,,,,102,1323.868756298912,9918.748852514484,5460.718288554237,596.9417747545895,718.8573037148175,7474.382208107938,971.6304045772334,8792.051842546576,5845.392834133707,7479.378371737805,1671.9079743441844,2715.501488118457,3572.1608228071264,424.2631716340443,249.7965606440445,12961.069888413893,2661.693751521532,11884.151386193194,385.26119809423375,74.54494126850047,2135.216397162584,1741.9560477706696,78.50135770540878
,,,,,,,,103,1347.7826595716544,10133.886001991104,5521.685385347823,603.5504559361483,725.4278736844473,7543.122873592757,986.7803851575028,8957.705789871981,5861.805033162172,7499.874984569209,1676.62039937,2723.132456118932,3584.7684883866154,425.7510660416396,250.6712472874707,13006.904967101016,2681.619419664958,11973.124106385236,388.11825772771886,75.13835833064348,2129.060826783115,1736.9262665312897,78.23931774146354
,,,,,,,,104,1369.2775686300952,10391.919182664264,5598.344042710012,611.855909431857,731.8224140283951,7606.464508820158,1011.2722569364918,9098.109243360452,5862.8187566801,7500.822024431743,1676.8864696701305,2723.601947451283,3589.7312476687507,426.3300811725825,251.0156160382346,13025.10700427398,2693.512989657349,12026.19093921971,389.8605553053612,75.49849284688467,2122.317351601531,1731.4182202352858,77.2021501114625
,,,,,,,,105,1389.0568092633314,10575.057983322267,5651.190381820841,617.5557121874615,738.0776337356251,7664.553050146305,1023.9848809510142,9217.8006458061,5872.496508911686,7513.110197757575,1679.652395844942,2728.099695615791,3597.14937862055,427.22724291625417,251.53906149296543,13052.148432884214,2707.542347489656,12088.789419909172,391.8925167427798,75.87378904198943,2124.211549039018,1732.975392534809,77.05215671685849
,,,,,,,,106,1454.7451019344503,11176.478492779746,5921.467015323296,647.0648280869312,769.4049130747854,7989.460574534055,1072.9980137858968,9628.873842605492,6085.174420561292,7785.36997664301,1740.491046806313,2826.897752452633,3733.8715372907454,443.4646145958114,261.092746185365,13548.278249727751,2819.818900627968,12590.113035854583,408.12857462500017,79.01906433165335,2204.6387617276564,1798.581072213096,76.79634467715
,,,,,,,,107,1537.9107203841995,11880.700191960754,6270.120932302168,685.0979376697712,810.5600860564914,8419.605514552239,1134.4462458078665,10152.657611023922,6388.604452824,8173.577431215303,1827.290530733104,2967.8675921526506,3919.0004195475217,465.442675860969,274.0543341072713,14220.044319030509,2970.990432401453,13265.13384339773,430.0092027364475,83.27274462511996,2313.6370530436784,1887.521535521725,76.48030663440001
,,,,,,,,108,1613.4489640221905,12461.474010209286,6589.273527580188,719.9438781236632,847.6527900028411,8807.030431166073,1186.2909773042566,10623.742935224183,6664.43804819376,8526.437232930986,1906.1534133521093,3095.984677692164,4086.1651724795774,485.2868611223441,285.7366725333407,14826.664282016613,3110.8645521544167,13889.614154230318,450.2565882613056,87.18618542499998,2413.013465937783,1968.5738779417427,76.73943460875
,,,,,,,,109,1760.385656959546,13573.869659784858,7193.462360177061,785.9075926580646,922.3291995807518,9582.580986980704,1290.02787205343,11571.527857616164,7220.691162193861,9238.04838954328,2065.2736243464715,3354.416545968279,4426.711691220675,525.7334918600352,309.53019987089544,16062.441332348328,3388.245345434923,15128.16353380792,490.4035477051827,94.95580015975403,2613.0057816064364,2131.7293350561854,78.3528810794
,,,,,,,,110,2006.8698737663428,15433.583995801137,8184.333379854013,894.0980136213179,1049.7908729670526,10905.08933750773,1463.0461586726724,13178.138725302724,8159.057359025714,10438.65778143157,2333.6646538695245,3790.326427497708,5016.19862995256,595.765172412124,350.7767570094073,18201.461122261448,3856.911964483423,17220.550731513475,558.2253497592417,108.08228292701293,2954.2686429764585,2410.1673459243266,79.82826984120001
,,,,,,,,111,2121.6321281172345,16202.715964686617,8615.999217157861,941.2532634568784,1110.012503885317,11528.594189224345,1529.2105605615925,13924.79531237928,8561.836817466226,10954.366978102107,2448.8455231046783,3977.453845242947,5291.505360331157,628.4761726906635,370.0261603085171,19200.44507039952,4072.646046720161,18184.02812361756,589.4452113162433,114.12127823074928,3108.0833588540027,2535.61641516542,81.1905267836168
,,,,,,,,112,2239.488300502822,16826.336795238552,8988.578396686784,981.9961340310664,1170.8794210073313,12155.73179484451,1587.4400685680362,14708.335372374682,8941.45176997646,11440.56080696954,2557.442401129776,4153.8345679782105,5574.719142642816,662.0861820036222,389.8246367568263,20228.08251301809,4282.542332548389,19121.1947490786,619.831882665858,120.00062830175916,3257.654778251572,2657.667564765922,82.8024973178728
,,,,,,,,113,2355.303214857621,17476.734923309123,9340.738821427582,1020.5259915402132,1228.5516065291647,12748.358560730518,1643.3126215838738,15495.26354614742,9336.93676892768,11946.794399600152,2670.556120522892,4337.518903176671,5854.213596271255,695.2750539768158,409.3813403530384,21242.4142464382,4495.591205761978,20072.19441301768,650.694046857444,125.94617774940303,3406.845383597712,2779.3859760445,84.08124490335919
,,,,,,,,114,2362.9889063145097,17599.247479382204,9397.826056183958,1026.7404612455234,1233.7763255897828,12795.435763711332,1662.887971411098,15589.23844666794,9420.084342114662,12052.597269132828,2694.347026466345,4376.137073020052,5880.413134290814,698.4072836449968,411.2005488682733,21337.44163622978,4516.705605034341,20166.54126565201,653.7216858402209,126.5489888872849,3423.882783590658,2793.2927786057767,84.90756765927479
,,,,,,,,115,2360.8242181110795,17770.398076770423,9480.8427137355,1035.779382930269,1232.9817253337342,12778.69331960466,1692.776654312204,15635.00356291344,9500.18610728499,12154.380689922482,2717.262713171341,4413.362499613041,5894.477277857775,700.0603277786139,412.1618577695378,21388.44430331934,4516.004001252457,20163.414641691983,653.6214540686686,126.52941717028028,3437.769990822031,2804.5824569563283,85.216025922178
,,,,,,,,116,2184.561344568187,16977.974062995374,8993.125666615111,982.4495063435968,1144.0138429726246,11853.778170901502,1619.083461038839,14524.552378478636,8978.102440634082,11485.462949542143,2567.9414539557124,4170.816214399801,5492.623114021467,652.3448749866561,384.0791660743826,19930.273872847785,4190.390342697578,18709.68139979612,606.5166231464939,117.39877921513714,3227.2887992530527,2632.8536287079573,84.6056602049343
,,,,,,,,117,2112.0274617277046,17198.779449467165,9019.168626564318,985.103331426263,1107.2006709314437,11474.473026558397,1645.727171087428,14081.0349504134,8866.239026358664,11341.25962068513,2535.9317872138145,4118.864444129882,5339.463410321109,634.1433364795628,373.3664885850931,19374.52017319739,4062.761588431761,18139.706881528706,588.0204070396161,113.8090493083547,3163.4840580483715,2580.7542749244326,84.9780602013239
,,,,,,,,118,1971.960428487552,16599.129048255192,8685.427987406914,948.5138429593628,1036.4397008166045,10741.420530858151,1596.1564618691064,13166.230508363216,8427.803139367616,10779.88950978318,2410.5259340737234,3915.1873681739935,5020.232620968631,596.2513303206234,351.0401243401643,18216.03269094516,3804.710768632761,16987.610620300005,550.6796976070577,106.6225077972779,2994.540919618854,2442.929419995511,84.23749957
,,,,,,,,119,1739.4304214477536,14857.81395158013,7819.427890883551,853.8946045295131,918.4167765221192,9518.238965582666,1447.677119137688,11635.52221148584,7576.275282551078,9690.64951530374,2166.974006329776,3519.6038389727264,4480.221914398629,532.0869228803685,313.30733263328415,16256.483635527904,3380.4267579062057,15093.301386186056,489.2646657257847,94.68718494143116,2691.00094534683,2195.293498817897,83.415861632525
,,,,,,,,120,1667.4555502222993,14195.972416268398,7532.969864772834,822.7247644256339,883.467480795951,9157.002047182445,1407.7645429617633,11152.210401795872,7371.8137283172755,9429.534704244054,2108.4817166585626,3424.6224990031205,4349.185808978601,516.5273291290874,304.1326385809835,15780.813371247372,3265.626500212116,14580.546763347767,472.6516461164305,91.51844212702208,2626.994576481639,2143.114316387549,83.00908944644
,,,,,,,,121,1493.0533117680231,12634.587792560043,6734.019045437734,735.5709556109178,792.7835372675972,8222.715129983573,1265.9566872345715,9983.52766917735,6681.970373175361,8547.55231878083,1911.2083466573613,3104.1519810045284,3943.244376599801,468.3190231593861,275.7564000418287,14307.770322652364,2944.987143305284,13148.968783562728,426.2426473881192,82.52535342340161,2390.386392973852,1950.0569542012984,82.05212147699599
,,,,,,,,122,1442.321255723939,12062.727289951856,6471.048922313094,706.9310374608268,767.8992484620777,7969.102740441519,1215.8191852313582,9629.733646815166,6503.102589135486,8319.072675604666,1860.025462919292,3021.047022995598,3840.1221093947233,456.0788740109432,268.5500362203699,13933.492941108332,2862.4291235653013,12780.415514508935,414.2967086251377,80.24182649680053,2333.4921093017488,1903.666685348168,81.441694672851
,,,,,,,,123,1301.9888548270037,10710.781515353228,5784.553794078464,632.0188460242518,696.6675749070292,7233.701401180698,1080.976943558219,8680.767604489027,5895.584422319037,7542.201885522678,1686.285608909751,2738.8311840114657,3492.0503364764613,414.7389781910882,244.1867423324352,12670.443977983754,2601.6542930284068,11616.0211682145,376.5490730245712,72.92201695960487,2122.2871430290493,1731.378019048438,79.7861908289102
,,,,,,,,124,1288.9779944994093,10293.882369562732,5609.77713303405,613.0498124845382,697.1950516887366,7243.517865449344,1036.171400683398,8583.418873028784,5834.303516154859,7464.287326640674,1668.729571522949,2710.332238160947,3485.876238098117,413.99866372437225,243.76063515557283,12647.950206577209,2596.526804718268,11593.201688879642,375.81821884195233,72.72324234253493,2111.369870203864,1722.4823160239196,78.8526323663257
,,,,,,,,125,1256.2378563249542,9637.470835724243,5310.894555571765,580.5253167190928,685.917769345103,7129.991570634559,961.6313913070468,8346.331505192282,5647.160990491731,7225.511286490247,1615.2051663979446,2623.420550956227,3416.269787412218,405.7496469022168,238.89619817163407,12395.329239948202,2544.90447615115,11362.72829432752,368.3478914091023,71.33620188208337,2057.664835277493,1678.7006244311794,78.43823803390157
,,,,,,,,126,1265.2601518690285,9479.638838647576,5218.968434911913,570.5147409736328,687.0329834002124,7143.486031195784,928.6156406416328,8402.821500705579,5586.613166796602,7148.261011134703,1597.8914280322613,2595.28432022424,3414.018741405396,405.4807415161352,238.7378905598125,12387.274174553406,2543.85869011217,11358.031614679388,368.205412878475,71.24478409335221,2040.6888598987248,1664.83842379754,78.35437452519899
,,,,,,,,127,1289.881547331266,9698.531483467272,5284.472268690909,577.6217630243378,694.2632935214566,7219.068248727837,944.3880295118402,8572.88029544056,5609.980283269436,7177.678300863221,1604.592327752503,2606.14593988248,3430.7658521842413,407.4606836225805,239.902341840028,12448.124766857503,2566.4163148458374,11458.75541509176,371.4445910622204,71.91039387482847,2037.595790471279,1662.3074383415355,78.186661005119
,,,,,,,,128,1287.2574283124527,9769.440081962674,5263.001542073783,575.2055554820824,687.986030185303,7150.834985173784,950.6967430206006,8553.129749164667,5511.634140721702,7051.520517537816,1576.4404631846069,2560.4573674061644,3374.70526069448,400.7927804232605,235.9797047511073,12244.89915699896,2532.170747280508,11305.818466231343,366.50779018086513,70.9761103008336,1995.189900626724,1627.7057454050023,76.85654732922
,,,,,,,,129,1372.9886933139887,10452.729467516525,5585.819418083897,610.4120469878578,729.5398137419489,7575.892221958182,1012.1397874402452,9111.172400951746,5804.565554476967,7426.20120671222,1660.222773333433,2696.5420070186137,3555.5388318687337,422.2852298681795,248.62934694500447,12901.16581431238,2676.2224589961884,11948.950596334127,387.35924326057983,74.9961079912848,2099.639424095479,1712.928948531288,76.6201675394
,,,,,,,,130,1428.6372951391772,10975.898101924326,5815.19649647084,635.4521795939092,755.5966694235925,7846.076491094958,1053.7412898427242,9456.067776714968,5975.965901573125,7645.648636519828,1709.2550564472476,2776.164396998895,3666.8610372627154,435.5059086596223,256.40700504487893,13305.131989615147,2769.2125868776347,12364.16263517363,400.80403236686107,77.6009365359517,2165.07287299016,1766.3025602754833,76.6524648904
,,,,,,,,131,1456.4692586787771,11251.546901790922,5938.0809724865,648.8179529374601,767.6361390850949,7973.737642640359,1074.3706125085937,9615.014388256148,6050.290090358423,7740.738200343482,1730.524697833387,2810.701463033868,3711.4661860177766,440.79473540527687,259.54153745362254,13467.008931795275,2813.658930435492,12562.666609373578,407.2376740947258,78.86296065482688,2191.116297476912,1787.5661149528703,76.26954610049451
,,,,,,,,132,1503.0482279004473,11608.793860686965,6138.400482213528,670.6814992796171,789.6518900185786,8204.406695102269,1105.1186563512088,9896.81009348554,6208.421847641521,7943.013171803711,1775.7242862538249,2884.140984423568,3806.5680776745576,452.0809600416205,266.1850538034752,13812.145268732176,2898.002698949768,12939.213080959727,419.4476442561644,81.2204441681018,2247.9022855710355,1833.873611567644,76.3272294030925
,,,,,,,,133,1588.207318777187,12246.24789038106,6489.890168449588,709.0401956000384,832.1187913028523,8645.33586497383,1163.8538974240803,10439.749472079702,6514.455798414619,8334.501025662246,1863.275057085932,3026.3305585751777,3993.7475508951934,474.3129871556222,279.2559271737004,14491.419411769864,3056.8506589213507,13648.52068015005,442.4385648340732,85.66844212678733,2357.435082447854,1923.230922839803,77.10070190171001
,,,,,,,,134,1756.1220620077304,13505.239031771618,7161.744066751246,782.3851799473942,918.6250372336992,9542.555909627588,1280.246253414974,11531.599758518763,7139.626151485997,9134.402517746385,2042.0855569956368,3316.7451206229275,4389.451053416066,521.3274546222931,306.94905029775026,15927.284501805636,3375.0111457597723,15068.933693632762,488.47803492331576,94.57797141778592,2585.1483491015,2109.029640952753,78.0232064916933
,,,,,,,,135,1877.4905767518867,14338.22863932684,7624.534491693774,832.9408803049578,982.2805699925244,10201.969826255026,1353.240450723988,12322.434052406246,7576.604695718468,9693.82038625138,2167.0507024373387,3519.758215829844,4682.598514225027,556.1558369626139,327.4463182962017,16991.001508403526,3603.996410984031,16091.546219079866,521.6162665955915,100.98905538126948,2750.4283804309443,2243.836649454914,79.3467447082248
,,,,,,,,136,1945.918643271722,14620.608850902276,7810.285177509109,853.2683936784873,1017.3913808122144,10562.2633156368,1379.3459978377723,12780.251634344608,7769.336277937034,9940.842539238687,2222.192831431475,3609.3174164296793,4843.941318307742,575.2947424303007,338.7233718083804,17576.427110997985,3721.15315969063,16614.63885991599,538.5794674180231,104.27000657439652,2830.6158888705268,2309.279696051732,80.36452264931799
,,,,,,,,137,2014.4192344233627,14947.32005728638,7988.849939537902,872.8248548295091,1050.7428389952229,10903.283505097956,1405.475325727582,13252.627828517368,7985.598159623631,10217.73004700401,2284.04546041158,3709.748049896924,5006.930910789107,594.6476161160866,350.1314145113282,18167.99109926945,3844.942484629897,17167.13765242842,556.5188360657202,107.71793684994311,2913.771282667115,2377.1243272255474,81.2215848922931
,,,,,,,,138,2024.675062175657,15079.528045748802,8052.320518210564,879.7399774731978,1057.1341033591243,10963.487653804814,1424.8089772706708,13357.29602324149,8071.392040861493,10327.002831054222,2308.5919780477675,3749.5967825871753,5038.50263387743,598.4149170819926,352.3281445045112,18282.51747439772,3870.039836947453,17279.25724991425,560.1270456188757,108.43071724075526,2933.67864285094,2393.371469110793,81.75367637132443
,,,,,,,,139,2026.389924436697,15253.04397495915,8137.786796195409,889.0509040899724,1058.3175681033686,10968.463976124396,1452.9779601144858,13420.149389084654,8154.390005147773,10432.591456357222,2332.335352110004,3788.165689548105,5059.465789125535,600.8898010388372,353.77502035689696,18358.55787276684,3876.266998894034,17307.06587924436,561.0294568988087,108.60526342103113,2950.775588665548,2407.285383396902,82.35601002165185
,,,,,,,,140,1905.6043022269223,14809.975695114306,7844.750619331579,856.9958498369091,997.9292668509188,10340.1127811215,1412.3349828063224,12669.843110228689,7831.645780626107,10018.82948452596,2240.0287795498534,3638.224827936383,4791.243909270611,569.0438510235455,335.0342681320969,17385.282281540487,3655.299442567522,16320.55307460086,529.0676269237758,102.40756997042573,2815.18092209995,2296.652009555434,81.421135438914
,,,,,,,,141,1793.6225004422265,14605.926466255769,7659.457122141344,836.5911582709056,940.2813513905912,9744.604828346668,1397.6206925059903,11958.206781986924,7529.582877188055,9631.474404398785,2153.61987263771,3497.9128241161497,4534.496774585333,538.5411778144255,317.0785167203795,16453.656947003707,3450.2679207506903,15405.001593834051,499.3716473377128,96.6514286828537,2686.563640448241,2191.6850133332737,81.5267619075691
,,,,,,,,142,1708.7125088203825,14383.21937425047,7525.962099515081,821.8914765429768,898.0796246411929,9307.4888108452,1383.076695165763,11408.597474193575,7302.729019343522,9340.822352705954,2088.7314759895085,3392.5273214054687,4350.05396290658,516.6544377876061,304.17783384119645,15784.273594157212,3296.7988550321206,14719.840389565825,477.1664147319095,92.38887868289572,2594.7830664389658,2116.809241102884,81.499735524752
,,,,,,,,143,1573.2061329790229,13437.964372172064,7072.18395323134,772.2943166909979,830.650589779179,8608.652425057251,1309.3335003910202,10523.602828728028,6852.267611673907,8764.586994711222,1959.892591694864,3183.261760202991,4052.0807880159578,481.2393758507547,283.3669062748345,14702.973709520003,3057.384786451014,13650.948043029788,442.5093198778779,85.63864252781944,2433.84221574576,1985.505803189742,81.30111783198001
,,,,,,,,144,1582.4895411998266,13472.609733381509,7149.123719422228,780.8024236784513,838.4499653759073,8690.402551648078,1336.0312155918912,10583.944093591628,6996.179372325782,8949.048174542133,2001.0430047016253,3250.119192986915,4127.57092956738,490.20742770725656,288.6354119770988,14976.694346242712,3099.224912689104,13837.58790745381,448.56745147444366,86.85507537133823,2493.134789420107,2033.9108834575973,81.43780768555227
,,,,,,,,145,1497.5432957456371,12672.583151670948,6754.2699215321445,737.7830010744386,795.1676352445359,8247.442886785766,1269.7637349784363,10013.550628787272,6702.064725920824,8573.256942089758,1916.9558271972307,3113.486940814024,3955.1026966820095,469.7273753554021,276.58566836610987,14350.797359261,2953.8434547199527,13188.511014704112,427.5244654198425,82.77352775964097,2397.574881502804,1955.921262200743,81.27974961643818
,,,,,,,,146,1531.4995638715077,12808.562246688642,6871.152014839717,750.6403800553232,815.3782379963931,8461.830069409587,1290.9929355466904,10225.137306801898,6905.1875506568285,8833.438544944032,1975.030301984278,3207.8374909831005,4077.555754248003,484.278099533505,285.1544076723321,14794.996799657829,3039.412292480576,13570.624927622508,439.91255488662233,85.20315553584578,2477.7712548509016,2021.3698486361752,80.95939192737599
,,,,,,,,147,1456.4547781103129,11981.49189795068,6470.82421741709,707.0005743406277,779.3191273996631,8091.89643222619,1209.2223590359702,9710.640308747625,6595.027345898599,8436.9969319758,1886.343898605489,3063.761836057379,3906.3417318104857,463.9429625035152,273.1566758830068,14173.64565303093,2910.3104930770733,12994.127768723862,421.2222666625789,81.57337110567639,2374.0719734482286,1936.7860018228207,80.5688981934382
,,,,,,,,148,1342.7957349282108,10723.67519126633,5843.997989322836,638.6460257783358,726.3045186308789,7545.951084587065,1079.4338952486244,8941.795983322074,6077.898855683683,7775.938169048694,1738.4027973726777,2823.4947261876,3631.419438485917,431.2840423090096,253.9381918288016,13176.03067348877,2704.9376590455545,12077.24402466302,391.5094776814065,75.75960184303311,2199.5243275403936,1794.3998402738025,79.96103685012898
,,,,,,,,149,1304.8484104509628,10010.39607065413,5516.401439440391,602.9889426859511,712.4595923644184,7405.889036562111,998.8420473631784,8669.295661497576,5865.6798192346005,7505.104920539406,1677.7060835375455,2724.934707726355,3548.463516946741,421.4502684628896,248.14036838450488,12874.97075042688,2643.3804265140616,11802.412957538034,382.6012392304495,74.09658064735748,2137.286880851773,1743.6585200672807,79.18961724206783
,,,,,,,,150,1302.8172820336868,9761.026053167148,5373.884778831926,587.4495162891689,707.4264077460747,7355.528459234575,956.1800418732664,8652.245194628294,5752.44242932023,7360.445176461936,1645.322160963311,2672.320991998795,3515.358174300788,417.5167587461792,245.8244253074262,12754.969678021036,2619.3688781188885,11695.175775219564,379.1349743590772,73.35956627928798,2101.263293562481,1714.2563662604596,78.660397210572
,,,,,,,,151,1279.3957408078295,9619.68941854472,5241.513321101805,572.9261147585489,688.6194337521223,7160.382431342312,936.7108360664432,8503.18896268791,5564.375190327093,7119.328953897186,1591.5481496009402,2584.9598533352414,3402.876200589764,404.1483221865919,237.952108854481,12346.930491960771,2545.5532014911723,11365.603999343062,368.4250144785304,71.32581424520617,2021.0316065149648,1648.7940779736923,78.2313496194508
,,,,,,,,152,1289.343087918001,9785.268871216183,5271.52884164791,576.137523684844,689.1007292662941,7162.421018663657,952.23709520691,8566.987829783578,5520.564283547084,7062.945638246114,1578.99466727953,2564.605910180493,3380.1730764460567,401.442158934457,236.362047340168,12264.73877181419,2536.2734590814234,11324.136549595283,367.10161894913335,71.09110828255622,1998.422577237952,1630.3430113070997,78.30179824178522
,,,,,,,,153,1313.8045024201358,10002.153043122164,5345.036515538272,584.0995629238867,698.0921959928527,7249.325037800686,968.5103863513403,8718.42527253718,5554.353358626433,7106.086618752021,1588.65704083922,2580.3045917552195,3402.27341170864,404.0821596041061,237.911904912842,12345.046842593434,2560.8609402459206,11433.877911090296,370.6616961436425,71.76331809777243,2009.1321525578044,1639.0912582639448,77.90012747077499
,,,,,,,,154,1315.339565561245,10105.457200473817,5354.023767506414,585.0578006649141,695.6742612563042,7223.845323281824,970.1745958274516,8706.156645679794,5502.043394449008,7039.312350455057,1573.7030042755955,2556.001361786782,3376.0615238990563,400.9682196067108,236.0727105263867,12249.971767152065,2549.600863258657,11383.62575610454,369.0183670847423,71.44681333578141,1993.3723009029256,1626.226369833174,77.1466429517358
,,,,,,,,155,1366.163664609725,10553.916230146153,5569.901605393662,608.5892352123535,720.0403267080883,7479.341272460456,1007.756315066482,9018.85378882021,5675.153411266717,7260.788515480827,1623.2268197918174,2636.429288144107,3481.3438152239173,413.4640998933444,243.449160229948,12632.012769210822,2639.2033834291888,11783.742464912022,381.98768006479065,73.97321343253475,2055.260317174567,1676.731492809892,76.6873933560125
,,,,,,,,156,1374.5942399677274,10616.679410322911,5613.798538755008,613.363502680463,722.1664078706202,7503.239068511914,1010.6726526155492,9051.005746876635,5677.83571587636,7264.184842026466,1623.9667698919516,2637.655606022292,3481.2499402800527,413.4450725778384,243.43626167928352,12631.72729628092,2650.33266627232,11833.39791807423,383.6006756535989,74.27915661565041,2055.791342153057,1677.146518984926,76.2269185988758
,,,,,,,,157,1427.359956598185,11005.996289428507,5832.619733988754,637.2314060341026,747.8450878522887,7769.770406615901,1045.9833731234194,9382.45289338963,5854.697454010653,7490.415691709674,1674.569921173982,2719.8357567483545,3589.276578387062,426.2764418449227,250.9739902202019,13023.785709888036,2747.2649019175296,12266.25243148214,397.6301350790608,76.99228078741787,2118.683371612064,1728.4536937321782,76.311130395165
,,,,,,,,158,1427.968691531585,10981.61621349491,5823.482618509379,636.1867240628437,746.9684601120764,7759.409992582803,1041.0162293827766,9376.77612204925,5805.497712332291,7427.525166602968,1660.4963310379335,2696.969813490585,3569.2272267922144,423.9108996702591,249.59178134772023,12951.072195797384,2744.348103118291,12253.114971217909,397.199804877969,76.90489460553961,2102.081048546873,1714.9310756619684,76.483474023399
,,,,,,,,159,1495.9296254038552,11424.281571889638,6075.006270215507,663.6629522869858,782.6524528568056,8128.631424064898,1078.2224452146484,9818.155352859489,6036.817209441064,7723.752799987367,1726.6426716966964,2804.440488019716,3730.957655947263,443.1287182772351,260.8996574119377,13537.93347164233,2871.559020214807,12821.273782008491,415.6085979631623,80.46512811145581,2191.460957400014,1787.823470354554,76.9386885806
,,,,,,,,160,1645.998786891971,12367.16885128621,6606.504322218575,721.7561462521709,860.5832440125365,8934.32655290311,1166.7506485923711,10810.46155708572,6571.866780071966,8408.68389685609,1879.6914852649825,3053.0218257031943,4097.356054056314,486.6259190330276,286.5167364608569,14867.413806137234,3147.6205893129545,14053.863712456954,455.5694828661969,88.19911609568196,2394.3397301566583,1953.3558565966416,77.521565805399
,,,,,,,,161,1757.423099817902,13040.366722156568,6969.646230935497,761.4713639346674,916.690878275418,9512.2613844619,1226.1672056386994,11561.880407577122,6966.8093074991,8914.169655180316,1992.6508765245,3236.4647864671206,4368.155293320512,518.783497970922,305.4622520074706,15850.150102583762,3354.411348188948,14976.983813782768,485.5191219744471,93.9754680901892,2542.037363543672,2073.8549019073125,78.04913925088039
,,,,,,,,162,1774.6511264124554,13217.380868710772,7057.952135055597,771.1022727248018,926.5902772958286,9609.623824440509,1248.8615598983472,11707.824567166796,7074.668545400723,9051.73751036451,2023.507589344618,3286.564979301128,4416.305876279395,524.5176011208455,308.8196966479428,16024.83817562842,3392.134710504978,15145.468976725362,490.95783862397286,95.0407786828967,2571.403286052772,2097.8177945337907,78.348490403967
,,,,,,,,163,1788.92157526005,13465.57201362908,7184.13677398597,784.8649090935061,934.2955707713336,9683.092882435289,1282.706546198749,11847.470467471963,7198.794287999069,9210.01812982224,2059.0139053771595,3344.2385648341046,4466.557694700741,530.472796212166,312.3168739996796,16207.157306302925,3422.01546808307,15278.887435464289,495.28360149229513,95.87804231443366,2604.980438689195,2125.1807010262346,78.45914696647303
,,,,,,,,164,1716.9583301785872,13343.856911822244,7068.156756517999,772.1572425011974,899.1389060396131,9316.489658312346,1272.5203815388868,11415.58750929629,7056.349235956299,9027.011915324303,2018.27633805893,3278.0574739928693,4316.933023464588,512.7111536797075,301.8674322326282,15664.220111653887,3293.44178110808,14704.894149226597,476.692390027162,92.26969635227604,2536.491090784575,2069.2941313783963,77.9354028009601
,,,,,,,,165,1640.1786403957651,13356.393894053715,7004.192892130875,765.0210388203649,859.8405674176526,8910.956845496188,1278.0546668311051,10935.185824450184,6885.429349380162,8807.504694950301,1969.3783467598728,3198.6674446084407,4146.571953008301,492.4691436503587,289.9525459370148,15046.051593476954,3155.0985482523347,14087.108387210596,456.6505546070148,88.38292831979193,2456.7289371317897,2004.1870262323528,78.01093147446353
,,,,,,,,166,1574.4868545802965,13253.364573854438,6934.770087178912,757.3288771683806,827.5321659230647,8576.351320764765,1274.4309321631845,10512.410168236189,6729.0727867709975,8607.066390272033,1924.653933717578,3126.03181856785,4008.341219459816,476.06933083128126,280.28354586594605,14544.36083004753,3037.823175431024,13563.542769925229,439.6832372704167,85.13139234642553,2390.9533098789766,1950.526087077959,77.7248393282962
,,,,,,,,167,1498.4653114376913,12799.545492430336,6736.194391739476,735.6036945969406,791.1875428252962,8199.667396887942,1247.1288983116326,10023.64118701715,6526.725967777713,8348.193733381417,1866.780837700706,3032.029449222769,3859.57210101086,458.3763666397407,269.904541153932,14004.456006649609,2912.13271431816,13002.410607174468,421.4863214201103,81.57007047992558,2318.213778445968,1891.1772013653413,77.3517431513811
,,,,,,,,168,1386.1530537246772,11801.088498448038,6262.145446862893,683.9297421940099,734.4250623103524,7612.200726413894,1170.2723469250031,9270.814146841014,6128.176615942895,7838.75667555166,1752.7773798103794,2846.883045376862,3615.471002827032,429.3883183327336,252.82496175095704,13118.56417515748,2714.709933341117,12120.784520040444,392.9145352779815,76.07913027101951,2183.816266540195,1781.5674029485422,76.892107095365
