ESR_3,ESR_2,ESR_7,ESR_1,ESR_9,ESR_8,ESR_6,ESR_10,ESR_5,ESR_4,Resource
1,0,0,0,0,1,0,0,0,0,DE1_biomass_1
1,0,0,0,0,1,0,0,0,0,DE1_onshore_wind_turbine_1
1,0,0,0,0,1,0,0,0,0,DE1_solar_photovoltaic_1
1,0,0,0,0,1,0,0,0,0,IL1_biomass_1
0,0,0,0,0,1,0,0,0,0,IL1_conventional_hydroelectric_1
0,0,0,0,0,1,0,0,0,0,IL1_nuclear_1
1,0,0,0,0,1,0,0,0,0,IL1_onshore_wind_turbine_1
1,0,0,0,0,1,0,0,0,0,IL1_solar_photovoltaic_1
1,0,0,0,0,1,0,0,0,0,KY3_biomass_1
0,0,0,0,0,1,0,0,0,0,KY3_conventional_hydroelectric_1
1,0,0,0,0,1,0,0,0,0,KY3_solar_photovoltaic_1
0,0,0,0,0,1,0,0,0,0,KY4_conventional_hydroelectric_1
1,0,0,0,0,1,0,0,0,0,KY4_solar_photovoltaic_1
0,0,0,0,0,1,0,0,0,0,MD1_conventional_hydroelectric_1
1,0,0,0,0,1,0,0,0,0,MD1_onshore_wind_turbine_1
1,0,0,0,0,1,0,0,0,0,MD1_solar_photovoltaic_1
1,0,0,0,0,1,0,0,0,0,MD2_biomass_1
0,0,0,0,0,1,0,0,0,0,MD2_conventional_hydroelectric_1
0,0,0,0,0,1,0,0,0,0,MD2_nuclear_1
1,0,0,0,0,1,0,0,0,0,MD2_solar_photovoltaic_1
0,0,0,1,0,0,1,0,0,0,MI_biomass_1
0,0,0,0,0,0,1,0,0,0,MI_conventional_hydroelectric_1
0,0,0,0,0,0,1,0,0,0,MI_nuclear_1
0,0,0,1,0,0,1,0,0,0,MI_solar_photovoltaic_1
1,0,0,0,0,1,0,0,0,0,NJ1_biomass_1
0,0,0,0,0,1,0,0,0,0,NJ1_conventional_hydroelectric_1
0,0,0,0,0,1,0,0,0,0,NJ1_nuclear_1
1,0,0,0,0,1,0,0,0,0,NJ1_onshore_wind_turbine_1
1,0,0,0,0,1,0,0,0,0,NJ1_solar_photovoltaic_1
1,0,0,0,0,1,0,0,0,0,OH1_biomass_1
0,0,0,0,0,1,0,0,0,0,OH1_nuclear_1
1,0,0,0,0,1,0,0,0,0,OH1_onshore_wind_turbine_1
1,0,0,0,0,1,0,0,0,0,OH1_solar_photovoltaic_1
1,0,0,0,0,1,0,0,0,0,OH2_biomass_1
0,0,0,0,0,1,0,0,0,0,OH2_conventional_hydroelectric_1
1,0,0,0,0,1,0,0,0,0,OH2_onshore_wind_turbine_1
1,0,0,0,0,1,0,0,0,0,OH2_solar_photovoltaic_1
1,0,0,0,0,1,0,0,0,0,OH3_solar_photovoltaic_1
1,0,0,0,0,1,0,0,0,0,OH4_biomass_1
0,0,0,0,0,1,0,0,0,0,OH4_conventional_hydroelectric_1
1,0,0,0,0,1,0,0,0,0,OH4_solar_photovoltaic_1
1,0,0,0,0,1,0,0,0,0,PA1_biomass_1
0,0,0,0,0,1,0,0,0,0,PA1_conventional_hydroelectric_1
0,0,0,0,0,1,0,0,0,0,PA1_nuclear_1
1,0,0,0,0,1,0,0,0,0,PA1_onshore_wind_turbine_1
1,0,0,0,0,1,0,0,0,0,PA1_solar_photovoltaic_1
1,0,0,0,0,1,0,0,0,0,PA2_biomass_1
1,0,0,0,0,1,0,0,0,0,PA2_onshore_wind_turbine_1
1,0,0,0,0,1,0,0,0,0,PA2_solar_photovoltaic_1
1,0,0,0,0,1,0,0,0,0,PA3_biomass_1
1,0,0,0,0,1,0,0,0,0,PA3_solar_photovoltaic_1
1,0,0,0,0,1,0,0,0,0,PA4_biomass_1
0,0,0,0,0,1,0,0,0,0,PA4_conventional_hydroelectric_1
0,0,0,0,0,1,0,0,0,0,PA4_nuclear_1
1,0,0,0,0,1,0,0,0,0,PA4_onshore_wind_turbine_1
1,0,0,0,0,1,0,0,0,0,PA4_solar_photovoltaic_1
1,0,0,0,0,1,0,0,0,0,VA1_biomass_1
0,0,0,0,0,1,0,0,0,0,VA1_conventional_hydroelectric_1
1,0,0,0,0,1,0,0,0,0,VA1_solar_photovoltaic_1
1,0,0,0,0,1,0,0,0,0,VA2_biomass_1
0,0,0,0,0,1,0,0,0,0,VA2_conventional_hydroelectric_1
0,0,0,0,0,1,0,0,0,0,VA2_nuclear_1
1,0,0,0,0,1,0,0,0,0,VA2_offshore_wind_turbine_1
1,0,0,0,0,1,0,0,0,0,VA2_solar_photovoltaic_1
1,0,0,0,0,1,0,0,0,0,VA3_biomass_1
0,0,0,0,0,1,0,0,0,0,VA3_conventional_hydroelectric_1
1,0,0,0,0,1,0,0,0,0,VA3_solar_photovoltaic_1
1,0,0,0,0,1,0,0,0,0,VA4_solar_photovoltaic_1
0,0,0,0,0,1,0,0,0,0,WV1_conventional_hydroelectric_1
1,0,0,0,0,1,0,0,0,0,WV1_onshore_wind_turbine_1
1,0,0,0,0,1,0,0,0,0,WV1_solar_photovoltaic_1
1,0,0,0,0,1,0,0,0,0,WV2_biomass_1
0,0,0,0,0,1,0,0,0,0,WV2_conventional_hydroelectric_1
1,0,0,0,0,1,0,0,0,0,DE1_distributed_generation_1
1,0,0,0,0,1,0,0,0,0,IL1_distributed_generation_1
1,0,0,0,0,1,0,0,0,0,KY3_distributed_generation_1
1,0,0,0,0,1,0,0,0,0,KY4_distributed_generation_1
1,0,0,0,0,1,0,0,0,0,MD1_distributed_generation_1
1,0,0,0,0,1,0,0,0,0,MD2_distributed_generation_1
0,0,0,1,0,0,1,0,0,0,MI_distributed_generation_1
1,0,0,0,0,1,0,0,0,0,NJ1_distributed_generation_1
1,0,0,0,0,1,0,0,0,0,OH1_distributed_generation_1
1,0,0,0,0,1,0,0,0,0,OH2_distributed_generation_1
1,0,0,0,0,1,0,0,0,0,OH3_distributed_generation_1
1,0,0,0,0,1,0,0,0,0,OH4_distributed_generation_1
1,0,0,0,0,1,0,0,0,0,PA1_distributed_generation_1
1,0,0,0,0,1,0,0,0,0,PA2_distributed_generation_1
1,0,0,0,0,1,0,0,0,0,PA3_distributed_generation_1
1,0,0,0,0,1,0,0,0,0,PA4_distributed_generation_1
1,0,0,0,0,1,0,0,0,0,VA1_distributed_generation_1
1,0,0,0,0,1,0,0,0,0,VA2_distributed_generation_1
1,0,0,0,0,1,0,0,0,0,VA3_distributed_generation_1
1,0,0,0,0,1,0,0,0,0,VA4_distributed_generation_1
1,0,0,0,0,1,0,0,0,0,WV1_distributed_generation_1
1,0,0,0,0,1,0,0,0,0,WV2_distributed_generation_1
